"year","JJA_Qfactual_mm_d","JJA_Qcounterfactual_total_mm_d","dQ_total_pct","JJA_Qcounterfactual_precip_mm_d","dQ_precip_pct","JJA_Qcounterfactual_temp_mm_d","dQ_temp_pct"
1988,1.021,1.179,-13.4,1.095,-6.8,1.103,-7.4
1989,0.714,0.839,-15,0.77,-7.3,0.781,-8.6
1990,0.698,0.829,-15.9,0.756,-7.8,0.768,-9.1
1991,1.237,1.435,-13.8,1.334,-7.3,1.336,-7.4
1992,0.5,0.596,-16.2,0.541,-7.7,0.552,-9.5
1993,1.209,1.415,-14.5,1.31,-7.7,1.311,-7.8
1994,0.969,1.117,-13.2,1.038,-6.7,1.045,-7.3
1995,1.476,1.685,-12.4,1.582,-6.7,1.577,-6.4
1996,0.74,0.874,-15.3,0.8,-7.5,0.811,-8.8
1997,0.611,0.733,-16.7,0.664,-8,0.677,-9.8
1998,0.394,0.483,-18.5,0.431,-8.7,0.442,-11.1
1999,1.084,1.251,-13.3,1.165,-7,1.168,-7.2
2000,1.09,1.264,-13.7,1.173,-7,1.179,-7.5
2001,0.968,1.1,-12,1.03,-6,1.036,-6.6
2002,1.652,1.893,-12.7,1.776,-7,1.766,-6.5
2003,0.508,0.588,-13.6,0.541,-6.1,0.553,-8.2
2004,0.474,0.577,-17.8,0.517,-8.4,0.531,-10.7
2005,0.846,1.017,-16.8,0.925,-8.5,0.935,-9.5
2006,0.683,0.812,-15.8,0.741,-7.7,0.752,-9.1
2007,1.096,1.297,-15.4,1.193,-8.1,1.196,-8.3
2008,0.641,0.764,-16.1,0.696,-7.9,0.707,-9.3
2009,0.704,0.847,-16.9,0.769,-8.4,0.779,-9.6
2010,1.007,1.197,-15.9,1.098,-8.3,1.103,-8.7
