"date","Q_obs_mmd","Q_sim_mmd"
2005-01-01,0.927068209014759,0.7
2005-01-02,1.59566015157559,0.7
2005-01-03,1.56119664938173,0.7
2005-01-04,1.08215396888712,0.7
2005-01-05,0.896051057040287,0.7
2005-01-06,0.851248504188273,0.7
2005-01-07,0.961531711208616,0.7
2005-01-08,0.844355803749502,0.7
2005-01-09,0.761643398484244,0.7
2005-01-10,0.703055444754687,0.7
2005-01-11,0.678930993218987,0.7
2005-01-12,0.696162744315916,0.69
2005-01-13,0.844355803749502,0.7
2005-01-14,0.834016753091344,0.7
2005-01-15,0.727179896290387,0.69
2005-01-16,0.696162744315916,0.69
2005-01-17,0.658252891902673,0.69
2005-01-18,0.723733546071001,0.69
2005-01-19,0.751304347826087,0.69
2005-01-20,0.71684084563223,0.69
2005-01-21,1.18899082568807,0.91
2005-01-22,1.44057439170323,0.92
2005-01-23,1.02701236537694,0.7
2005-01-24,0.86158755484643,0.7
2005-01-25,0.785767850019944,0.69
2005-01-26,0.737518946948544,0.69
2005-01-27,0.713394495412844,0.69
2005-01-28,0.665145592341444,0.69
2005-01-29,0.654806541683287,0.69
2005-01-30,0.64446749102513,0.69
2005-01-31,0.630682090147587,0.69
2005-02-01,0.623789389708815,0.69
2005-02-02,0.678930993218987,0.69
2005-02-03,0.706501794974073,0.69
2005-02-04,0.747857997606701,0.69
2005-02-05,0.672038292780216,0.69
2005-02-06,0.665145592341444,0.69
2005-02-07,0.627235739928201,0.68
2005-02-08,0.64446749102513,0.68
2005-02-09,0.578986836856801,0.68
2005-02-10,0.568647786198644,0.68
2005-02-11,0.747857997606701,1.32
2005-02-12,3.51527722377343,2.25
2005-02-13,5.89325887514958,2.28
2005-02-14,2.29871559633028,1.7
2005-02-15,1.35441563621859,1.07
2005-02-16,1.12006382130036,0.74
2005-02-17,0.975317112086159,0.7
2005-02-18,0.902943757479059,0.69
2005-02-19,0.878819305943359,0.69
2005-02-20,0.868480255285202,0.69
2005-02-21,0.851248504188273,0.69
2005-02-22,0.81333865177503,0.69
2005-02-23,0.761643398484244,0.69
2005-02-24,0.675484642999601,0.69
2005-02-25,0.665145592341444,0.69
2005-02-26,0.647913841244515,0.69
2005-02-27,0.627235739928201,0.68
2005-02-28,0.616896689270044,0.68
2005-03-01,0.623789389708815,0.68
2005-03-02,0.630682090147587,0.68
2005-03-03,0.637574790586358,0.68
2005-03-04,0.64446749102513,0.68
2005-03-05,0.66859194256083,0.68
2005-03-06,0.637574790586358,0.68
2005-03-07,0.627235739928201,0.68
2005-03-08,0.706501794974073,0.68
2005-03-09,0.74096529716793,0.67
2005-03-10,0.69271639409653,0.68
2005-03-11,0.610003988831273,0.68
2005-03-12,0.696162744315916,0.68
2005-03-13,0.758197048264859,0.68
2005-03-14,0.778875149581173,0.68
2005-03-15,0.944299960111687,0.68
2005-03-16,2.0023294774631,1.98
2005-03-17,3.99776625448744,3.15
2005-03-18,3.85991224571201,2.51
2005-03-19,1.9058316713203,1.75
2005-03-20,1.4233426406063,1.13
2005-03-21,1.15108097327483,0.76
2005-03-22,0.968424411647387,0.69
2005-03-23,0.930514559234145,0.69
2005-03-24,0.840909453530116,0.69
2005-03-25,1.05802951735142,0.91
2005-03-26,1.0373514160351,0.92
2005-03-27,0.916729158356602,0.69
2005-03-28,3.21199840446749,1.44
2005-03-29,1.88859992022337,2.25
2005-03-30,1.71628240925409,2.3
2005-03-31,1.74729956122856,1.97
2005-04-01,1.25102512963702,1.29
2005-04-02,1.02356601515756,0.85
2005-04-03,0.892604706820902,0.71
2005-04-04,0.796106900678102,0.71
2005-04-05,0.723733546071001,0.71
2005-04-06,0.703055444754687,0.7
2005-04-07,0.689270043877144,0.7
2005-04-08,0.720287195851615,0.7
2005-04-09,0.847802153968887,1.05
2005-04-10,0.937407259672916,1.13
2005-04-11,0.799553250897487,0.77
2005-04-12,0.71684084563223,0.71
2005-04-13,0.699609094535301,0.71
2005-04-14,0.682377343438373,0.71
2005-04-15,0.661699242122058,0.71
2005-04-16,0.737518946948544,0.7
2005-04-17,0.696162744315916,0.7
2005-04-18,0.689270043877144,0.7
2005-04-19,1.10627842042282,1.72
2005-04-20,2.95696848823295,2.92
2005-04-21,3.08448344635022,2.63
2005-04-22,1.4957159952134,1.84
2005-04-23,1.11661747108097,1.32
2005-04-24,1.00978061428002,0.94
2005-04-25,1.26136418029517,1.33
2005-04-26,2.54340646190666,1.7
2005-04-27,1.5922138013562,1.51
2005-04-28,1.91272437175907,1.32
2005-04-29,1.33373753490227,0.88
2005-04-30,1.06492221779019,0.73
2005-05-01,0.899497407259673,0.73
2005-05-02,0.81333865177503,0.73
2005-05-03,0.751304347826087,0.73
2005-05-04,0.799553250897487,0.73
2005-05-05,0.875372955723973,0.73
2005-05-06,1.0373514160351,1.29
2005-05-07,1.4957159952134,1.93
2005-05-08,1.87481451934583,1.78
2005-05-09,1.35786198643797,1.3
2005-05-10,1.05458316713203,0.89
2005-05-11,0.90983645791783,0.74
2005-05-12,0.816785001994416,0.74
2005-05-13,0.754750698045473,0.74
2005-05-14,0.758197048264859,0.74
2005-05-15,0.751304347826087,0.74
2005-05-16,0.754750698045473,0.74
2005-05-17,0.916729158356602,0.81
2005-05-18,0.782321499800559,0.81
2005-05-19,0.723733546071001,0.74
2005-05-20,0.689270043877144,0.74
2005-05-21,0.672038292780216,0.74
2005-05-22,1.09938571998404,0.91
2005-05-23,0.90983645791783,0.92
2005-05-24,1.09593936976466,0.84
2005-05-25,0.889158356601516,0.85
2005-05-26,0.775428799361787,0.75
2005-05-27,0.699609094535301,0.75
2005-05-28,0.66859194256083,0.74
2005-05-29,0.627235739928201,0.74
2005-05-30,0.610003988831273,0.74
2005-05-31,0.682377343438373,0.74
2005-06-01,0.634128440366973,0.74
2005-06-02,0.606557638611887,0.74
2005-06-03,0.623789389708815,0.74
2005-06-04,0.844355803749502,0.93
2005-06-05,0.799553250897487,0.95
2005-06-06,0.675484642999601,0.74
2005-06-07,0.751304347826087,0.74
2005-06-08,0.699609094535301,0.74
2005-06-09,0.661699242122058,0.74
2005-06-10,0.661699242122058,0.74
2005-06-11,0.661699242122058,0.74
2005-06-12,0.66859194256083,0.74
2005-06-13,0.754750698045473,0.74
2005-06-14,0.723733546071001,0.74
2005-06-15,2.35041084962106,1.3
2005-06-16,1.2303470283207,1.58
2005-06-17,0.851248504188273,1
2005-06-18,0.71684084563223,0.75
2005-06-19,0.69271639409653,0.75
2005-06-20,0.610003988831273,0.75
2005-06-21,0.59621858795373,0.74
2005-06-22,0.59621858795373,0.74
2005-06-23,0.54796968488233,0.74
2005-06-24,0.558308735540487,0.74
2005-06-25,0.523845233346629,0.74
2005-06-26,0.568647786198644,0.74
2005-06-27,0.523845233346629,0.74
2005-06-28,0.520398883127244,0.74
2005-06-29,0.59621858795373,0.74
2005-06-30,0.920175508575987,1.03
2005-07-01,0.989102512963702,1.22
2005-07-02,0.940853609892302,0.92
2005-07-03,0.734072596729158,0.74
2005-07-04,0.675484642999601,0.74
2005-07-05,0.847802153968887,0.91
2005-07-06,0.899497407259673,0.92
2005-07-07,0.730626246509773,0.75
2005-07-08,0.675484642999601,0.75
2005-07-09,0.634128440366973,0.75
2005-07-10,0.720287195851615,0.74
2005-07-11,1.98509772636617,1.15
2005-07-12,1.49916234543279,1.36
2005-07-13,1.18554447546869,0.94
2005-07-14,0.858141204627044,0.75
2005-07-15,0.709948145193458,0.75
2005-07-16,0.723733546071001,0.75
2005-07-17,0.930514559234145,0.75
2005-07-18,0.727179896290387,0.75
2005-07-19,0.964978061428002,0.75
2005-07-20,0.995995213402473,0.75
2005-07-21,0.806445951336259,0.75
2005-07-22,0.74096529716793,0.75
2005-07-23,0.661699242122058,0.75
2005-07-24,0.658252891902673,0.75
2005-07-25,0.940853609892302,0.75
2005-07-26,1.24757877941763,0.88
2005-07-27,0.827124052652573,0.89
2005-07-28,0.699609094535301,0.75
2005-07-29,0.637574790586358,0.75
2005-07-30,0.706501794974073,0.75
2005-07-31,0.627235739928201,0.75
2005-08-01,0.613450339050658,0.75
2005-08-02,0.54796968488233,0.75
2005-08-03,0.561755085759872,0.75
2005-08-04,0.534184284004787,0.75
2005-08-05,0.492828081372158,0.75
2005-08-06,0.627235739928201,0.75
2005-08-07,0.623789389708815,0.75
2005-08-08,0.606557638611887,0.75
2005-08-09,0.59621858795373,0.75
2005-08-10,0.578986836856801,0.75
2005-08-11,0.575540486637415,0.75
2005-08-12,0.568647786198644,0.75
2005-08-13,0.561755085759872,0.74
2005-08-14,0.575540486637415,0.74
2005-08-15,0.654806541683287,0.74
2005-08-16,0.678930993218987,0.74
2005-08-17,0.634128440366973,0.74
2005-08-18,0.544523334662944,0.74
2005-08-19,0.534184284004787,0.74
2005-08-20,0.989102512963702,0.95
2005-08-21,1.07181491822896,0.96
2005-08-22,1.89549262066215,1.92
2005-08-23,6.13450339050658,3.05
2005-08-24,7.85767850019944,2.53
2005-08-25,1.79554846429996,1.82
2005-08-26,1.24757877941763,1.22
2005-08-27,1.03045871559633,0.84
2005-08-28,0.892604706820902,0.76
2005-08-29,0.806445951336259,0.76
2005-08-30,0.754750698045473,0.76
2005-08-31,0.723733546071001,0.76
2005-09-01,0.703055444754687,0.75
2005-09-02,0.86158755484643,0.75
2005-09-03,0.723733546071001,0.76
2005-09-04,0.672038292780216,0.75
2005-09-05,0.654806541683287,0.75
2005-09-06,0.599664938173115,0.75
2005-09-07,0.568647786198644,0.75
2005-09-08,0.537630634224172,0.75
2005-09-09,0.565201435979258,0.75
2005-09-10,1.43368169126446,1.17
2005-09-11,0.90983645791783,1.34
2005-09-12,0.892604706820902,0.91
2005-09-13,1.15452732349422,0.84
2005-09-14,0.827124052652573,0.84
2005-09-15,0.775428799361787,0.76
2005-09-16,0.78921420023933,0.76
2005-09-17,1.40266453928999,1.04
2005-09-18,1.04769046669326,1.06
2005-09-19,0.844355803749502,0.77
2005-09-20,0.754750698045473,0.76
2005-09-21,0.699609094535301,0.76
2005-09-22,0.689270043877144,0.76
2005-09-23,0.66859194256083,0.76
2005-09-24,0.651360191463901,0.75
2005-09-25,0.634128440366973,0.75
2005-09-26,0.613450339050658,0.75
2005-09-27,0.637574790586358,0.75
2005-09-28,0.62034303948943,0.75
2005-09-29,0.613450339050658,0.75
2005-09-30,0.627235739928201,0.75
2005-10-01,0.675484642999601,0.75
2005-10-02,1.206222576785,1.58
2005-10-03,2.62267251695253,2.24
2005-10-04,1.81622656561627,1.7
2005-10-05,1.28548863183087,1.09
2005-10-06,1.00288791384124,0.78
2005-10-07,0.896051057040287,0.76
2005-10-08,0.827124052652573,0.76
2005-10-09,0.771982449142401,0.75
2005-10-10,0.723733546071001,0.75
2005-10-11,0.713394495412844,0.75
2005-10-12,0.69271639409653,0.75
2005-10-13,0.66859194256083,0.75
2005-10-14,0.665145592341444,0.75
2005-10-15,0.637574790586358,0.75
2005-10-16,0.637574790586358,0.75
2005-10-17,0.630682090147587,0.75
2005-10-18,0.610003988831273,0.74
2005-10-19,0.568647786198644,0.74
2005-10-20,0.59621858795373,0.74
2005-10-21,0.603111288392501,0.74
2005-10-22,0.606557638611887,0.74
2005-10-23,0.616896689270044,0.74
2005-10-24,0.616896689270044,0.74
2005-10-25,0.59621858795373,0.74
2005-10-26,0.568647786198644,0.74
2005-10-27,0.582433187076187,0.74
2005-10-28,0.578986836856801,0.73
2005-10-29,0.582433187076187,0.73
2005-10-30,0.603111288392501,0.73
2005-10-31,0.599664938173115,0.73
2005-11-01,0.59621858795373,0.73
2005-11-02,0.578986836856801,0.73
2005-11-03,0.630682090147587,0.73
2005-11-04,0.582433187076187,0.73
2005-11-05,0.703055444754687,0.73
2005-11-06,0.696162744315916,0.73
2005-11-07,0.62034303948943,0.73
2005-11-08,0.592772237734344,0.73
2005-11-09,0.59621858795373,0.73
2005-11-10,0.592772237734344,0.73
2005-11-11,0.589325887514958,0.72
2005-11-12,0.592772237734344,0.72
2005-11-13,0.585879537295572,0.72
2005-11-14,0.578986836856801,0.72
2005-11-15,0.57209413641803,0.72
2005-11-16,0.59621858795373,0.72
2005-11-17,0.57209413641803,0.72
2005-11-18,0.541076984443558,0.72
2005-11-19,0.558308735540487,0.72
2005-11-20,0.57209413641803,0.72
2005-11-21,0.603111288392501,0.72
2005-11-22,0.606557638611887,0.72
2005-11-23,0.565201435979258,0.72
2005-11-24,0.561755085759872,0.72
2005-11-25,0.565201435979258,0.72
2005-11-26,0.585879537295572,0.71
2005-11-27,0.575540486637415,0.71
2005-11-28,0.57209413641803,0.71
2005-11-29,0.541076984443558,0.71
2005-11-30,0.565201435979258,0.71
2005-12-01,0.54796968488233,0.71
2005-12-02,0.541076984443558,0.71
2005-12-03,0.623789389708815,0.71
2005-12-04,0.978763462305545,0.87
2005-12-05,1.26481053051456,0.88
2005-12-06,1.02356601515756,0.71
2005-12-07,0.865033905065816,0.71
2005-12-08,0.751304347826087,0.71
2005-12-09,0.720287195851615,0.71
2005-12-10,0.685823693657758,0.71
2005-12-11,0.706501794974073,0.71
2005-12-12,0.71684084563223,0.71
2005-12-13,0.699609094535301,0.7
2005-12-14,0.699609094535301,0.7
2005-12-15,0.703055444754687,0.7
2005-12-16,0.827124052652573,0.7
2005-12-17,1.0614758675708,0.88
2005-12-18,0.902943757479059,0.9
2005-12-19,0.796106900678102,0.71
2005-12-20,0.747857997606701,0.7
2005-12-21,0.723733546071001,0.7
2005-12-22,0.703055444754687,0.7
2005-12-23,0.709948145193458,0.7
2005-12-24,0.785767850019944,0.7
2005-12-25,0.86158755484643,0.7
2005-12-26,0.927068209014759,0.7
2005-12-27,0.875372955723973,0.7
2005-12-28,0.806445951336259,0.7
2005-12-29,0.761643398484244,0.7
2005-12-30,0.751304347826087,0.7
2005-12-31,0.930514559234145,0.69
