"X1","X2","X3","X4","KGE"
1183.02810608037,0.3665748948697,16.2198949658778,2.32639881840441,0.811232975190074
1123.12491807132,0.582499974407256,12.4030011170544,1.31482743530069,0.674439111243149
71.9702936406247,1.34247083216906,246.408592042979,1.85357815225143,0.655930439702773
513.03872651211,0.0157517660409212,87.9898360306397,1.34425221616402,0.652340121211023
58.4859785430599,1.07485743006691,159.084128849907,1.83067639311776,0.649036970033818
200.250044313259,0.588091555982828,69.2833483605646,1.99409910594113,0.648058069358157
63.345584910363,1.52220510295592,177.189083307749,1.78034009505063,0.644585999190073
19.8721873227041,-7.46302301296964,270.89575285418,1.93303343502339,0.640566774675378
56.5460747294128,1.27174324356019,380.046879397705,1.70188047736883,0.637514768139109
68.2643857363146,-2.31567051494494,247.146183837671,1.94974553980865,0.625844988966288
5.25612207315862,-9.67473125434481,395.695467197103,2.32388957834337,0.619029346347142
66.2143144579604,-0.124465589178726,463.785602584248,1.10220315109473,0.619026478822005
12.8471800943371,-5.45205571921542,645.743157882942,1.91570919158403,0.613291831495036
100.126441386528,-0.312520707957447,136.813429350499,1.61496326269116,0.610455549490165
352.057256195927,-0.225545278517529,126.355896788416,1.22038811643142,0.605909787750297
210.499900319381,-0.309553391998634,170.09639964113,1.8650355336722,0.605548083305448
39.3557080121245,0.684956600889564,584.474544246448,1.85401724139228,0.604959275455498
628.194195380434,1.0774113854859,99.8420139111113,2.36599384143483,0.604825730418779
1004.36014482123,0.529349757125601,99.9225267041475,1.84106771158986,0.604160012806146
78.5532229482196,-2.05844480893575,477.085508237826,1.9024751749821,0.600673395542659
208.462051251438,0.742926206439734,131.36008480913,2.48789810168091,0.599919142844276
1066.56235818798,1.42244744929485,58.8579152345192,1.72153247520328,0.598574156550851
12.3813902940601,-0.108169674640521,326.816534204176,1.38417634204961,0.598109249690649
343.418523866916,1.07321668998338,198.86766143213,1.79344441741705,0.595831955494978
211.609530516434,1.94204309722409,255.101802829187,1.83122842584271,0.586940994267688
1208.69578187983,-0.213136101374403,13.1536275052931,2.38675490580499,0.585686309191442
131.546174159739,-0.675826575607061,381.861285605468,1.4477660660632,0.585556193603541
108.757308933185,-2.02715637278743,376.040037942352,1.66574717895128,0.585142874920954
422.66217056266,0.606743103126064,108.162135938415,2.69973862217739,0.584002099904808
301.145402500406,-0.109294871799648,87.7239243192598,2.48759577376768,0.579762490432206
71.8724118073005,-2.72945860866457,678.636739454232,1.36921923130285,0.576524313265902
21.775070744101,-1.84559785760939,493.096575494856,0.780969328596257,0.575750252379088
2009.47737872275,-0.716993315145373,43.6656376780011,1.47917864692863,0.573272768132085
25.0641643845011,-7.2758216643706,1055.18303571944,1.65639892860781,0.571387263188919
118.718561697518,2.10537565988488,166.625801161863,0.636565809254535,0.5665332217007
1616.76252787514,0.261779633583501,16.6406470525544,3.96040025632828,0.566292409582028
223.132909893291,-0.932342337910086,133.223957346519,2.05023054545745,0.565554678979968
36.0316490516998,2.32449495699257,363.44892910379,1.16705303371418,0.561779640215591
116.035582866985,0.540303165325895,302.287614669418,2.47537455998827,0.561127299576988
910.890952455811,0.521513742860407,138.564198946347,1.7221263370011,0.559855119962548
38.8165674940683,0.420234201010317,869.547071493696,1.95452201913577,0.558277230152983
68.169425922446,-1.00062374840491,932.874083628412,1.71361794392578,0.557046365540019
2081.53803713107,0.0836662237998098,4.93227200699039,1.14338085742202,0.555188156246582
28.3171069072559,-4.22763949609362,487.562339132186,0.662422340828925,0.554839221950827
689.987555851694,-0.938445435604081,108.281315547647,1.88129045383539,0.552917898789638
56.9539757284801,-5.81685520708561,493.39660707931,2.21748633286916,0.552098452226756
25.9531588389073,-4.65063741896302,997.361506500281,1.06044202530757,0.546524889685094
98.6418186926749,-0.373263888759539,256.444875872694,2.75585102394689,0.546352418518183
88.5157028210815,-0.239894038531929,578.89984155586,2.31034073221963,0.546176849670866
200.238551153103,1.99357908219099,71.4407995785587,2.25104955537245,0.544438761576518
19.7794390970375,-8.12701277434826,1259.95473398361,1.44391860091127,0.543968813840271
877.345466238447,-0.731647438369691,118.508051307872,1.85289992229082,0.542650530500832
455.447054883,1.24321898794733,208.852355187293,2.18679764424451,0.54221857384618
183.156670372002,3.1373849499505,315.013536113547,1.2934655394638,0.542197620277693
173.617668619845,2.65890853013843,422.193094787654,1.39603957673535,0.54163344789039
95.864122095285,0.85071979672648,844.992711693514,1.63986675231718,0.539026807748987
244.155470797792,-0.242311679758132,354.979371518595,1.91218441259116,0.536719682547909
85.4390607087407,-0.404966006753966,844.065984445857,2.07561641535722,0.535667075714038
55.7951122382656,-0.0622976245358586,1165.73253434361,1.78022307052743,0.535548761979605
137.776230925461,1.76116238115355,620.751203320222,1.39092857541982,0.534730122645677
68.5436102382373,0.384108760626987,185.484496601159,3.09094513568562,0.534004591993711
54.6041210801341,-3.739677000558,283.798092061654,0.521044655353762,0.533996207995353
1501.37838509236,1.13208525115624,48.3490592439193,0.588984541012906,0.532458935684083
2298.09061891446,0.522199710831046,23.9475438129157,3.27850435383152,0.531828945318847
342.205100885592,2.67875898978673,292.933205828536,1.63813355646562,0.53103900215109
22.4543669552077,-1.17818109225482,530.481044140179,2.85369427292608,0.530505010308117
91.2680676858872,-0.6991509324871,989.09213621798,1.7737782059703,0.530504138092687
37.6225402751006,-4.4314667058643,1437.26806991873,1.70220478484407,0.52983583110749
632.64922074927,0.997595969820395,98.6876599479001,3.17798631580081,0.528749048009427
62.8910148036666,-3.67545274901204,1048.19188555796,2.04655996302608,0.528660937415297
125.549918515841,-2.1896424156148,580.698759258725,2.06293139455374,0.526092037833336
182.087116992567,0.475231884047389,572.709387555951,1.37916801450774,0.525688685887289
75.1287755714729,0.704779152292758,620.699798571644,2.49510644027032,0.525215159152393
28.3011475142557,-3.71878939215094,1236.512541882,2.11282746877987,0.524714427438416
154.613714627689,1.71532342559658,589.599719066406,2.02403103583492,0.522693769874983
1836.06514191162,-0.431904619326815,83.8949507768266,1.26628811960109,0.521405571790534
472.146956387209,2.4819517636206,235.778506689006,1.01289957354311,0.518649370038215
245.514891183702,2.93295411393046,421.856753272703,1.63797657634132,0.517850281147482
19.9281467299443,-6.72728514880873,519.563550657826,3.03746889671311,0.517120383925542
146.166090051411,1.05296496069059,553.23425778863,0.964208139455877,0.517050685018652
68.5774141980801,0.780149885686114,1175.51362325926,1.87792463460937,0.516833335709628
830.213393078884,2.23788378061727,145.009186480427,1.40471310075372,0.516675212220839
1166.56349405437,0.324112201342359,113.005927643739,0.746592134586535,0.516482672524998
149.23414240405,-1.00938785937615,613.352356955409,1.11771072633564,0.516269448063925
36.376692885533,-6.2507061753422,1393.91050008941,2.05812925065402,0.516252303018917
315.367709045764,2.82500276924111,314.452171870042,1.05470749631058,0.516205627219875
365.392758346861,-0.611005211248994,144.984271130757,0.677151852403767,0.515864384234777
52.3450427888893,-4.78947572759353,589.777571971761,2.68192847270984,0.515296133825847
1005.24819959793,0.114873048150912,138.686755606672,2.21735606575385,0.515083679261674
61.8900561509654,2.17588351340964,797.49590088008,1.00322904624045,0.514682439045488
1676.62142535392,0.717086255317554,82.0485686836764,2.33216697478201,0.514436625408652
93.0360290990211,-1.49757763370872,228.212635551346,2.89242405060213,0.513702301326818
109.259886970045,-5.67300033289939,460.700094727566,1.61172011052258,0.51363767611358
87.2602550091688,-6.36711497907527,596.190538597759,2.03085996431764,0.513153395886321
58.0021614769939,-9.48727725422941,617.66928262054,2.09190014540218,0.513005227819342
74.7502064809669,2.50082903192379,284.994349588873,2.64695375401061,0.510356502691899
328.471021782141,1.47551668342203,410.59792843461,1.85344757325947,0.510108744921126
348.217275193427,2.69650611910038,344.462033112766,1.97510129923467,0.509748758467816
173.446892234264,-0.602931594476104,92.5330701887142,2.48438794771209,0.508176102353997
486.028037739452,0.960441961651668,288.61936020432,2.0769420415163,0.506581618054001
