"date","Qsim_mm_d","Qsim_m3_s"
2011-01-01,1.029,3.025
2011-01-02,0.983,2.889
2011-01-03,0.933,2.743
2011-01-04,0.89,2.615
2011-01-05,0.857,2.518
2011-01-06,0.886,2.605
2011-01-07,1.146,3.369
2011-01-08,1.204,3.538
2011-01-09,1.211,3.559
2011-01-10,1.454,4.273
2011-01-11,1.35,3.969
2011-01-12,1.354,3.981
2011-01-13,2.196,6.457
2011-01-14,2.725,8.011
2011-01-15,2.117,6.222
2011-01-16,1.613,4.742
2011-01-17,1.348,3.963
2011-01-18,1.212,3.564
2011-01-19,1.187,3.489
2011-01-20,1.236,3.633
2011-01-21,1.445,4.249
2011-01-22,1.317,3.871
2011-01-23,1.161,3.413
2011-01-24,1.114,3.274
2011-01-25,1.203,3.537
2011-01-26,1.365,4.012
2011-01-27,1.381,4.059
2011-01-28,1.271,3.736
2011-01-29,1.14,3.352
2011-01-30,1.049,3.084
2011-01-31,0.989,2.907
2011-02-01,0.944,2.776
2011-02-02,0.91,2.674
2011-02-03,0.895,2.632
2011-02-04,0.93,2.734
2011-02-05,0.907,2.665
2011-02-06,0.87,2.558
2011-02-07,0.844,2.482
2011-02-08,0.825,2.425
2011-02-09,0.808,2.376
2011-02-10,0.798,2.345
2011-02-11,0.803,2.36
2011-02-12,0.791,2.326
2011-02-13,0.775,2.279
2011-02-14,0.763,2.242
2011-02-15,0.757,2.226
2011-02-16,0.768,2.258
2011-02-17,0.759,2.232
2011-02-18,0.745,2.19
2011-02-19,0.734,2.159
2011-02-20,0.783,2.303
2011-02-21,1.063,3.125
2011-02-22,1.071,3.147
2011-02-23,0.961,2.825
2011-02-24,0.887,2.608
2011-02-25,0.844,2.482
2011-02-26,0.841,2.472
2011-02-27,0.971,2.853
2011-02-28,1.045,3.073
2011-03-01,0.968,2.845
2011-03-02,0.887,2.609
2011-03-03,0.838,2.465
2011-03-04,0.804,2.363
2011-03-05,0.776,2.28
2011-03-06,0.752,2.211
2011-03-07,0.732,2.152
2011-03-08,0.715,2.101
2011-03-09,0.699,2.056
2011-03-10,0.685,2.014
2011-03-11,0.672,1.976
2011-03-12,0.66,1.941
2011-03-13,0.649,1.907
2011-03-14,0.638,1.876
2011-03-15,0.628,1.847
2011-03-16,0.618,1.818
2011-03-17,0.742,2.182
2011-03-18,1.5,4.41
2011-03-19,1.446,4.252
2011-03-20,1.162,3.416
2011-03-21,0.995,2.925
2011-03-22,0.904,2.658
2011-03-23,0.837,2.462
2011-03-24,0.785,2.308
2011-03-25,0.743,2.184
2011-03-26,0.732,2.152
2011-03-27,0.867,2.548
2011-03-28,1.092,3.209
2011-03-29,1.003,2.949
2011-03-30,0.871,2.562
2011-03-31,0.811,2.385
2011-04-01,0.834,2.453
2011-04-02,0.788,2.318
2011-04-03,0.752,2.21
2011-04-04,0.877,2.58
2011-04-05,1.155,3.395
2011-04-06,1.053,3.095
2011-04-07,0.896,2.635
2011-04-08,0.804,2.365
2011-04-09,0.746,2.193
2011-04-10,0.699,2.054
2011-04-11,0.66,1.94
2011-04-12,0.627,1.844
2011-04-13,0.6,1.765
2011-04-14,0.578,1.698
2011-04-15,0.558,1.639
2011-04-16,0.54,1.587
2011-04-17,0.524,1.539
2011-04-18,0.509,1.496
2011-04-19,0.495,1.455
2011-04-20,0.482,1.416
2011-04-21,0.469,1.378
2011-04-22,0.457,1.342
2011-04-23,0.445,1.307
2011-04-24,0.433,1.274
2011-04-25,0.422,1.242
2011-04-26,0.412,1.211
2011-04-27,0.403,1.184
2011-04-28,0.394,1.16
2011-04-29,0.387,1.137
2011-04-30,0.383,1.126
2011-05-01,0.393,1.157
2011-05-02,0.415,1.22
2011-05-03,0.527,1.549
2011-05-04,0.522,1.534
2011-05-05,0.469,1.379
2011-05-06,0.44,1.293
2011-05-07,0.423,1.242
2011-05-08,0.407,1.195
2011-05-09,0.392,1.152
2011-05-10,0.378,1.112
2011-05-11,0.365,1.074
2011-05-12,0.356,1.045
2011-05-13,0.354,1.041
2011-05-14,0.399,1.172
2011-05-15,0.661,1.943
2011-05-16,0.663,1.948
2011-05-17,0.554,1.628
2011-05-18,0.493,1.45
2011-05-19,0.461,1.356
2011-05-20,0.434,1.277
2011-05-21,0.411,1.208
2011-05-22,0.419,1.232
2011-05-23,0.534,1.57
2011-05-24,0.519,1.525
2011-05-25,0.454,1.334
2011-05-26,0.42,1.236
2011-05-27,0.446,1.312
2011-05-28,0.566,1.664
2011-05-29,0.541,1.591
2011-05-30,0.469,1.38
2011-05-31,0.52,1.529
2011-06-01,0.996,2.929
2011-06-02,0.959,2.818
2011-06-03,0.752,2.212
2011-06-04,0.634,1.863
2011-06-05,0.568,1.67
2011-06-06,0.517,1.52
2011-06-07,0.476,1.398
2011-06-08,0.441,1.297
2011-06-09,0.412,1.212
2011-06-10,0.388,1.141
2011-06-11,0.367,1.079
2011-06-12,0.349,1.026
2011-06-13,0.333,0.978
2011-06-14,0.318,0.936
2011-06-15,0.305,0.897
2011-06-16,0.293,0.862
2011-06-17,0.304,0.894
2011-06-18,0.429,1.263
2011-06-19,0.608,1.787
2011-06-20,0.562,1.652
2011-06-21,0.468,1.376
2011-06-22,0.421,1.236
2011-06-23,0.393,1.156
2011-06-24,0.37,1.088
2011-06-25,0.35,1.029
2011-06-26,0.332,0.977
2011-06-27,0.316,0.93
2011-06-28,0.302,0.887
2011-06-29,0.361,1.06
2011-06-30,0.741,2.179
2011-07-01,0.739,2.174
2011-07-02,0.625,1.839
2011-07-03,0.541,1.591
2011-07-04,0.483,1.42
2011-07-05,0.44,1.293
2011-07-06,0.407,1.195
2011-07-07,0.432,1.269
2011-07-08,0.666,1.959
2011-07-09,0.651,1.913
2011-07-10,0.651,1.915
2011-07-11,0.933,2.743
2011-07-12,0.921,2.707
2011-07-13,1.192,3.505
2011-07-14,1.499,4.408
2011-07-15,1.203,3.538
2011-07-16,0.916,2.693
2011-07-17,0.781,2.296
2011-07-18,0.78,2.294
2011-07-19,0.92,2.705
2011-07-20,2.317,6.81
2011-07-21,2.498,7.344
2011-07-22,1.79,5.261
2011-07-23,1.588,4.67
2011-07-24,1.297,3.813
2011-07-25,1.025,3.015
2011-07-26,0.848,2.494
2011-07-27,0.735,2.159
2011-07-28,0.764,2.245
2011-07-29,1.28,3.763
2011-07-30,1.206,3.547
2011-07-31,0.944,2.774
2011-08-01,0.779,2.291
2011-08-02,0.685,2.014
2011-08-03,0.649,1.907
2011-08-04,0.74,2.176
2011-08-05,0.696,2.048
2011-08-06,0.654,1.922
2011-08-07,0.668,1.963
2011-08-08,0.896,2.635
2011-08-09,0.826,2.427
2011-08-10,0.686,2.017
2011-08-11,0.604,1.775
2011-08-12,0.552,1.624
2011-08-13,0.511,1.501
2011-08-14,0.506,1.488
2011-08-15,0.69,2.029
2011-08-16,1.035,3.042
2011-08-17,0.924,2.716
2011-08-18,0.741,2.178
2011-08-19,0.64,1.881
2011-08-20,0.579,1.701
2011-08-21,0.53,1.557
2011-08-22,0.49,1.439
2011-08-23,0.456,1.34
2011-08-24,0.427,1.255
2011-08-25,0.402,1.182
2011-08-26,0.381,1.119
2011-08-27,0.385,1.132
2011-08-28,0.474,1.394
2011-08-29,0.462,1.358
2011-08-30,0.409,1.201
2011-08-31,0.377,1.11
2011-09-01,0.358,1.053
2011-09-02,0.342,1.006
2011-09-03,0.332,0.975
2011-09-04,0.49,1.442
2011-09-05,1.751,5.147
2011-09-06,1.773,5.213
2011-09-07,1.257,3.694
2011-09-08,0.95,2.794
2011-09-09,0.799,2.348
2011-09-10,0.696,2.047
2011-09-11,0.636,1.87
2011-09-12,0.646,1.9
2011-09-13,0.645,1.897
2011-09-14,0.819,2.409
2011-09-15,0.785,2.308
2011-09-16,0.662,1.947
2011-09-17,0.592,1.739
2011-09-18,0.642,1.888
2011-09-19,0.835,2.454
2011-09-20,0.765,2.249
2011-09-21,0.641,1.883
2011-09-22,0.567,1.668
2011-09-23,0.521,1.532
2011-09-24,0.483,1.421
2011-09-25,0.452,1.328
2011-09-26,0.425,1.25
2011-09-27,0.402,1.182
2011-09-28,0.382,1.124
2011-09-29,0.365,1.072
2011-09-30,0.349,1.027
2011-10-01,0.336,0.987
2011-10-02,0.323,0.95
2011-10-03,0.312,0.917
2011-10-04,0.302,0.888
2011-10-05,0.293,0.86
2011-10-06,0.321,0.943
2011-10-07,0.525,1.543
2011-10-08,0.726,2.133
2011-10-09,0.886,2.606
2011-10-10,0.88,2.588
2011-10-11,0.74,2.176
2011-10-12,0.633,1.861
2011-10-13,0.587,1.725
2011-10-14,0.547,1.607
2011-10-15,0.502,1.475
2011-10-16,0.464,1.364
2011-10-17,0.434,1.277
2011-10-18,0.41,1.205
2011-10-19,0.438,1.287
2011-10-20,0.659,1.937
2011-10-21,0.64,1.883
2011-10-22,0.537,1.58
2011-10-23,0.481,1.414
2011-10-24,0.45,1.322
2011-10-25,0.423,1.244
2011-10-26,0.401,1.179
2011-10-27,0.382,1.123
2011-10-28,0.365,1.074
2011-10-29,0.351,1.031
2011-10-30,0.338,0.993
2011-10-31,0.326,0.959
2011-11-01,0.316,0.93
2011-11-02,0.307,0.903
2011-11-03,0.299,0.879
2011-11-04,0.291,0.857
2011-11-05,0.285,0.837
2011-11-06,0.278,0.818
2011-11-07,0.273,0.801
2011-11-08,0.267,0.786
2011-11-09,0.262,0.772
2011-11-10,0.258,0.758
2011-11-11,0.254,0.746
2011-11-12,0.25,0.735
2011-11-13,0.246,0.724
2011-11-14,0.243,0.715
2011-11-15,0.24,0.705
2011-11-16,0.237,0.697
2011-11-17,0.234,0.689
2011-11-18,0.232,0.681
2011-11-19,0.229,0.674
2011-11-20,0.227,0.667
2011-11-21,0.225,0.661
2011-11-22,0.223,0.654
2011-11-23,0.221,0.649
2011-11-24,0.219,0.643
2011-11-25,0.217,0.638
2011-11-26,0.215,0.633
2011-11-27,0.214,0.628
2011-11-28,0.212,0.624
2011-11-29,0.211,0.619
2011-11-30,0.209,0.615
2011-12-01,0.208,0.611
2011-12-02,0.226,0.664
2011-12-03,0.319,0.938
2011-12-04,0.368,1.082
2011-12-05,0.473,1.39
2011-12-06,0.534,1.57
2011-12-07,0.667,1.961
2011-12-08,0.815,2.397
2011-12-09,0.871,2.562
2011-12-10,1.656,4.869
2011-12-11,1.843,5.417
2011-12-12,1.391,4.09
2011-12-13,1.11,3.264
2011-12-14,0.941,2.765
2011-12-15,0.893,2.626
2011-12-16,0.901,2.65
2011-12-17,1.27,3.733
2011-12-18,1.141,3.356
2011-12-19,0.948,2.788
2011-12-20,0.827,2.43
2011-12-21,0.846,2.488
2011-12-22,1.003,2.948
2011-12-23,1.533,4.507
2011-12-24,1.33,3.909
2011-12-25,1.04,3.058
2011-12-26,0.867,2.549
2011-12-27,0.764,2.246
2011-12-28,0.689,2.025
2011-12-29,0.66,1.94
2011-12-30,0.756,2.223
2011-12-31,0.869,2.555
2012-01-01,1.191,3.502
2012-01-02,1.074,3.157
2012-01-03,1.001,2.943
2012-01-04,1.175,3.455
2012-01-05,1.242,3.652
2012-01-06,1.601,4.706
2012-01-07,1.443,4.243
2012-01-08,1.444,4.245
2012-01-09,1.361,4.001
2012-01-10,1.282,3.768
2012-01-11,1.098,3.228
2012-01-12,0.933,2.743
2012-01-13,0.825,2.426
2012-01-14,0.758,2.228
2012-01-15,0.701,2.062
2012-01-16,0.655,1.925
2012-01-17,0.618,1.817
2012-01-18,0.613,1.801
2012-01-19,0.855,2.512
2012-01-20,1.87,5.497
2012-01-21,2.413,7.094
2012-01-22,2.561,7.529
2012-01-23,2.089,6.143
2012-01-24,2.065,6.07
2012-01-25,1.614,4.746
2012-01-26,1.277,3.755
2012-01-27,1.237,3.637
2012-01-28,1.704,5.01
2012-01-29,1.579,4.641
2012-01-30,1.265,3.718
2012-01-31,1.062,3.121
2012-02-01,0.945,2.778
2012-02-02,0.864,2.54
2012-02-03,0.804,2.363
2012-02-04,0.757,2.226
2012-02-05,0.72,2.118
2012-02-06,0.692,2.033
2012-02-07,0.682,2.004
2012-02-08,0.711,2.091
2012-02-09,0.707,2.078
2012-02-10,0.741,2.18
2012-02-11,0.717,2.109
2012-02-12,0.678,1.994
2012-02-13,0.671,1.972
2012-02-14,0.741,2.179
2012-02-15,0.813,2.39
2012-02-16,1.059,3.113
2012-02-17,0.993,2.92
2012-02-18,0.877,2.579
2012-02-19,0.881,2.589
2012-02-20,0.96,2.822
2012-02-21,0.893,2.626
2012-02-22,0.808,2.376
2012-02-23,0.754,2.217
2012-02-24,0.716,2.106
2012-02-25,0.686,2.016
2012-02-26,0.672,1.976
2012-02-27,0.702,2.065
2012-02-28,0.683,2.007
2012-02-29,0.649,1.908
2012-03-01,0.626,1.839
2012-03-02,0.608,1.788
2012-03-03,0.593,1.742
2012-03-04,0.579,1.703
2012-03-05,0.597,1.756
2012-03-06,0.719,2.114
2012-03-07,0.707,2.078
2012-03-08,0.667,1.961
2012-03-09,0.692,2.036
2012-03-10,0.67,1.971
2012-03-11,0.633,1.861
2012-03-12,0.608,1.787
2012-03-13,0.59,1.733
2012-03-14,0.573,1.686
2012-03-15,0.559,1.643
2012-03-16,0.546,1.604
2012-03-17,0.533,1.567
2012-03-18,0.581,1.707
2012-03-19,0.87,2.558
2012-03-20,0.876,2.574
2012-03-21,0.76,2.235
2012-03-22,0.687,2.021
2012-03-23,0.646,1.899
2012-03-24,0.613,1.801
2012-03-25,0.585,1.719
2012-03-26,0.561,1.648
2012-03-27,0.539,1.586
2012-03-28,0.521,1.531
2012-03-29,0.504,1.482
2012-03-30,0.489,1.437
2012-03-31,0.476,1.398
2012-04-01,0.464,1.363
2012-04-02,0.453,1.331
2012-04-03,0.442,1.3
2012-04-04,0.433,1.272
2012-04-05,0.466,1.371
2012-04-06,0.664,1.952
2012-04-07,0.671,1.973
2012-04-08,0.64,1.881
2012-04-09,0.595,1.748
2012-04-10,0.553,1.626
2012-04-11,0.577,1.697
2012-04-12,0.821,2.412
2012-04-13,0.811,2.383
2012-04-14,0.698,2.052
2012-04-15,0.731,2.15
2012-04-16,1.228,3.611
2012-04-17,1.129,3.319
2012-04-18,0.905,2.661
2012-04-19,0.779,2.289
2012-04-20,0.706,2.076
2012-04-21,0.664,1.953
2012-04-22,0.721,2.121
2012-04-23,0.869,2.555
2012-04-24,0.831,2.443
2012-04-25,0.806,2.369
2012-04-26,0.732,2.152
2012-04-27,0.658,1.936
2012-04-28,0.606,1.782
2012-04-29,0.566,1.665
2012-04-30,0.533,1.566
2012-05-01,0.504,1.481
2012-05-02,0.489,1.438
2012-05-03,0.513,1.509
2012-05-04,0.495,1.454
2012-05-05,0.464,1.364
2012-05-06,0.473,1.391
2012-05-07,0.555,1.631
2012-05-08,0.536,1.576
2012-05-09,0.484,1.424
2012-05-10,0.452,1.33
2012-05-11,0.435,1.278
2012-05-12,0.435,1.278
2012-05-13,0.43,1.265
2012-05-14,0.411,1.207
2012-05-15,0.415,1.219
2012-05-16,0.508,1.492
2012-05-17,0.497,1.462
2012-05-18,0.446,1.311
2012-05-19,0.416,1.222
2012-05-20,0.396,1.165
2012-05-21,0.379,1.114
2012-05-22,0.363,1.068
2012-05-23,0.35,1.028
2012-05-24,0.346,1.017
2012-05-25,0.371,1.092
2012-05-26,0.363,1.067
2012-05-27,0.339,0.996
2012-05-28,0.323,0.949
2012-05-29,0.311,0.915
2012-05-30,0.314,0.924
2012-05-31,0.364,1.07
2012-06-01,0.359,1.055
2012-06-02,0.328,0.963
2012-06-03,0.41,1.205
2012-06-04,1.003,2.95
2012-06-05,1.024,3.01
2012-06-06,0.788,2.316
2012-06-07,0.73,2.145
2012-06-08,1.141,3.355
2012-06-09,1.495,4.396
2012-06-10,1.207,3.549
2012-06-11,0.934,2.745
2012-06-12,0.895,2.633
2012-06-13,1.211,3.56
2012-06-14,1.113,3.272
2012-06-15,0.891,2.62
2012-06-16,0.745,2.192
2012-06-17,0.656,1.929
2012-06-18,0.604,1.776
2012-06-19,0.612,1.8
2012-06-20,0.567,1.667
2012-06-21,0.542,1.595
2012-06-22,0.65,1.911
2012-06-23,0.613,1.803
2012-06-24,0.565,1.66
2012-06-25,0.663,1.949
2012-06-26,0.624,1.833
2012-06-27,0.54,1.586
2012-06-28,0.487,1.431
2012-06-29,0.451,1.327
2012-06-30,0.421,1.238
2012-07-01,0.404,1.186
2012-07-02,0.416,1.222
2012-07-03,0.398,1.17
2012-07-04,0.369,1.084
2012-07-05,0.396,1.165
2012-07-06,0.656,1.929
2012-07-07,0.824,2.423
2012-07-08,0.709,2.085
2012-07-09,0.586,1.722
2012-07-10,0.525,1.543
2012-07-11,0.502,1.476
2012-07-12,0.467,1.372
2012-07-13,0.432,1.27
2012-07-14,0.412,1.211
2012-07-15,0.428,1.258
2012-07-16,0.588,1.727
2012-07-17,0.567,1.668
2012-07-18,0.482,1.416
2012-07-19,0.433,1.273
2012-07-20,0.408,1.199
2012-07-21,0.399,1.173
2012-07-22,0.381,1.121
2012-07-23,0.357,1.05
2012-07-24,0.337,0.991
2012-07-25,0.321,0.943
2012-07-26,0.306,0.899
2012-07-27,0.293,0.86
2012-07-28,0.28,0.824
2012-07-29,0.284,0.836
2012-07-30,0.342,1.005
2012-07-31,0.337,0.99
2012-08-01,0.301,0.884
2012-08-02,0.359,1.057
2012-08-03,0.787,2.312
2012-08-04,0.771,2.267
2012-08-05,0.595,1.749
2012-08-06,0.551,1.62
2012-08-07,0.72,2.117
2012-08-08,0.67,1.968
2012-08-09,0.557,1.636
2012-08-10,0.489,1.437
2012-08-11,0.446,1.311
2012-08-12,0.411,1.207
2012-08-13,0.381,1.12
2012-08-14,0.355,1.045
2012-08-15,0.344,1.012
2012-08-16,0.394,1.16
2012-08-17,0.484,1.423
2012-08-18,0.452,1.329
2012-08-19,0.389,1.144
2012-08-20,0.379,1.115
2012-08-21,0.47,1.383
2012-08-22,0.484,1.423
2012-08-23,0.564,1.659
2012-08-24,0.646,1.898
2012-08-25,1.287,3.782
2012-08-26,1.423,4.185
2012-08-27,1.095,3.218
2012-08-28,0.844,2.481
2012-08-29,0.709,2.083
2012-08-30,0.681,2.003
2012-08-31,1.007,2.959
2012-09-01,1.448,4.257
2012-09-02,1.244,3.656
2012-09-03,0.947,2.785
2012-09-04,0.773,2.273
2012-09-05,0.67,1.969
2012-09-06,0.594,1.746
2012-09-07,0.535,1.573
2012-09-08,0.488,1.435
2012-09-09,0.45,1.322
2012-09-10,0.417,1.227
2012-09-11,0.409,1.201
2012-09-12,0.467,1.373
2012-09-13,0.448,1.317
2012-09-14,0.399,1.174
2012-09-15,0.369,1.085
2012-09-16,0.349,1.026
2012-09-17,0.331,0.974
2012-09-18,0.339,0.996
2012-09-19,0.443,1.302
2012-09-20,0.486,1.427
2012-09-21,0.483,1.419
2012-09-22,0.686,2.018
2012-09-23,0.726,2.135
2012-09-24,0.613,1.802
2012-09-25,0.525,1.543
2012-09-26,0.532,1.564
2012-09-27,0.765,2.25
2012-09-28,0.72,2.117
2012-09-29,0.627,1.844
2012-09-30,0.702,2.064
2012-10-01,0.649,1.907
2012-10-02,0.557,1.638
2012-10-03,0.499,1.467
2012-10-04,0.472,1.388
2012-10-05,0.492,1.446
2012-10-06,0.472,1.387
2012-10-07,0.481,1.413
2012-10-08,0.55,1.616
2012-10-09,0.617,1.813
2012-10-10,0.783,2.301
2012-10-11,0.865,2.542
2012-10-12,0.764,2.246
2012-10-13,0.735,2.161
2012-10-14,0.677,1.991
2012-10-15,0.683,2.007
2012-10-16,0.645,1.897
2012-10-17,0.573,1.685
2012-10-18,0.516,1.516
2012-10-19,0.476,1.399
2012-10-20,0.444,1.307
2012-10-21,0.418,1.228
2012-10-22,0.395,1.162
2012-10-23,0.376,1.105
2012-10-24,0.359,1.056
2012-10-25,0.345,1.014
2012-10-26,0.346,1.018
2012-10-27,0.48,1.412
2012-10-28,0.944,2.775
2012-10-29,0.999,2.938
2012-10-30,0.801,2.354
2012-10-31,0.665,1.954
2012-11-01,0.594,1.747
2012-11-02,0.587,1.726
2012-11-03,0.716,2.106
2012-11-04,0.831,2.443
2012-11-05,1.65,4.852
2012-11-06,1.506,4.429
2012-11-07,1.135,3.337
2012-11-08,0.908,2.668
2012-11-09,0.781,2.297
2012-11-10,0.712,2.094
2012-11-11,0.85,2.5
2012-11-12,1.41,4.145
2012-11-13,1.235,3.631
2012-11-14,0.956,2.811
2012-11-15,0.802,2.358
2012-11-16,0.714,2.098
2012-11-17,0.647,1.902
2012-11-18,0.595,1.75
2012-11-19,0.554,1.628
2012-11-20,0.52,1.53
2012-11-21,0.493,1.448
2012-11-22,0.469,1.38
2012-11-23,0.45,1.323
2012-11-24,0.433,1.273
2012-11-25,0.418,1.23
2012-11-26,0.406,1.192
2012-11-27,0.395,1.162
2012-11-28,0.535,1.573
2012-11-29,1.606,4.722
2012-11-30,2.115,6.218
2012-12-01,1.573,4.626
2012-12-02,1.179,3.466
2012-12-03,1.072,3.151
2012-12-04,1.084,3.186
2012-12-05,1.037,3.047
2012-12-06,0.9,2.646
2012-12-07,0.797,2.343
2012-12-08,0.746,2.192
2012-12-09,0.725,2.133
2012-12-10,0.877,2.577
2012-12-11,0.994,2.924
2012-12-12,1.055,3.103
2012-12-13,0.928,2.727
2012-12-14,0.855,2.512
2012-12-15,0.951,2.796
2012-12-16,1.08,3.175
2012-12-17,1.297,3.813
2012-12-18,1.171,3.444
2012-12-19,0.991,2.913
2012-12-20,0.976,2.868
2012-12-21,1.49,4.38
2012-12-22,1.656,4.869
2012-12-23,2.194,6.449
2012-12-24,1.725,5.071
2012-12-25,1.353,3.977
2012-12-26,1.337,3.93
2012-12-27,1.31,3.85
2012-12-28,1.876,5.517
2012-12-29,1.647,4.843
2012-12-30,1.284,3.774
2012-12-31,1.066,3.133
2013-01-01,0.975,2.868
2013-01-02,1.032,3.034
2013-01-03,0.965,2.838
2013-01-04,0.967,2.844
2013-01-05,1.304,3.833
2013-01-06,2.898,8.521
2013-01-07,2.405,7.071
2013-01-08,1.693,4.977
2013-01-09,1.324,3.894
2013-01-10,1.183,3.477
2013-01-11,1.139,3.348
2013-01-12,1.107,3.253
2013-01-13,1.013,2.979
2013-01-14,0.915,2.691
2013-01-15,0.846,2.486
2013-01-16,0.848,2.493
2013-01-17,1.157,3.401
2013-01-18,1.622,4.767
2013-01-19,1.416,4.163
2013-01-20,1.218,3.581
2013-01-21,1.106,3.252
2013-01-22,1.063,3.124
2013-01-23,0.971,2.853
2013-01-24,0.888,2.611
2013-01-25,0.831,2.444
2013-01-26,0.79,2.322
2013-01-27,0.799,2.349
2013-01-28,0.965,2.838
2013-01-29,1.011,2.971
2013-01-30,1.429,4.202
2013-01-31,1.854,5.449
2013-02-01,2.111,6.205
2013-02-02,3.719,10.934
2013-02-03,2.904,8.537
2013-02-04,2.19,6.438
2013-02-05,2.054,6.04
2013-02-06,2.22,6.527
2013-02-07,2.27,6.674
2013-02-08,2.334,6.862
2013-02-09,2.165,6.364
2013-02-10,1.704,5.01
2013-02-11,1.393,4.096
2013-02-12,1.265,3.718
2013-02-13,1.353,3.978
2013-02-14,1.242,3.651
2013-02-15,1.179,3.467
2013-02-16,1.283,3.773
2013-02-17,1.186,3.486
2013-02-18,1.068,3.139
2013-02-19,1.042,3.064
2013-02-20,1.213,3.567
2013-02-21,1.143,3.361
2013-02-22,1.036,3.045
2013-02-23,0.996,2.929
2013-02-24,1.031,3.031
2013-02-25,0.984,2.892
2013-02-26,0.963,2.832
2013-02-27,1.093,3.212
2013-02-28,1.045,3.072
2013-03-01,0.962,2.828
2013-03-02,0.91,2.674
2013-03-03,0.875,2.573
2013-03-04,0.847,2.491
2013-03-05,0.824,2.421
2013-03-06,0.803,2.361
2013-03-07,0.785,2.307
2013-03-08,0.784,2.305
2013-03-09,0.841,2.471
2013-03-10,0.825,2.425
2013-03-11,0.795,2.338
2013-03-12,0.81,2.382
2013-03-13,0.868,2.553
2013-03-14,0.889,2.613
2013-03-15,0.857,2.52
2013-03-16,0.816,2.399
2013-03-17,0.786,2.31
2013-03-18,0.853,2.507
2013-03-19,1.286,3.779
2013-03-20,1.214,3.569
2013-03-21,1.039,3.053
2013-03-22,0.939,2.76
2013-03-23,0.88,2.588
2013-03-24,0.844,2.482
2013-03-25,0.882,2.593
2013-03-26,1.037,3.048
2013-03-27,1.132,3.327
2013-03-28,1.118,3.287
2013-03-29,1.431,4.206
2013-03-30,1.353,3.978
2013-03-31,1.328,3.904
2013-04-01,1.204,3.54
2013-04-02,1.064,3.129
2013-04-03,0.966,2.84
2013-04-04,0.9,2.647
2013-04-05,0.85,2.5
2013-04-06,0.811,2.384
2013-04-07,0.779,2.29
2013-04-08,0.76,2.233
2013-04-09,0.813,2.391
2013-04-10,1,2.939
2013-04-11,1.018,2.994
2013-04-12,1.214,3.57
2013-04-13,1.118,3.288
2013-04-14,0.977,2.874
2013-04-15,0.89,2.615
2013-04-16,0.832,2.445
2013-04-17,0.785,2.308
2013-04-18,0.789,2.321
2013-04-19,1.27,3.733
2013-04-20,3.183,9.357
2013-04-21,2.5,7.351
2013-04-22,1.732,5.093
2013-04-23,1.35,3.969
2013-04-24,1.156,3.398
2013-04-25,1.025,3.012
2013-04-26,0.929,2.73
2013-04-27,0.855,2.515
2013-04-28,0.799,2.348
2013-04-29,0.754,2.217
2013-04-30,0.718,2.11
2013-05-01,0.687,2.02
2013-05-02,0.661,1.943
2013-05-03,0.678,1.992
2013-05-04,0.842,2.476
2013-05-05,0.814,2.394
2013-05-06,0.732,2.152
2013-05-07,0.682,2.004
2013-05-08,0.649,1.908
2013-05-09,0.687,2.02
2013-05-10,1.03,3.028
2013-05-11,1.19,3.499
2013-05-12,1.116,3.282
2013-05-13,1.089,3.2
2013-05-14,0.964,2.835
2013-05-15,0.848,2.493
2013-05-16,0.77,2.263
2013-05-17,0.713,2.097
2013-05-18,0.668,1.964
2013-05-19,0.664,1.952
2013-05-20,0.784,2.304
2013-05-21,0.75,2.204
2013-05-22,0.677,1.99
2013-05-23,0.648,1.906
2013-05-24,0.627,1.844
2013-05-25,0.611,1.796
2013-05-26,0.748,2.198
2013-05-27,1.231,3.619
2013-05-28,1.137,3.343
2013-05-29,0.98,2.88
2013-05-30,1.13,3.323
2013-05-31,2.713,7.977
2013-06-01,6.69,19.669
2013-06-02,5.959,17.519
2013-06-03,3.211,9.438
2013-06-04,2.073,6.093
2013-06-05,1.556,4.574
2013-06-06,1.278,3.757
2013-06-07,1.1,3.235
2013-06-08,0.977,2.873
2013-06-09,1.574,4.626
2013-06-10,8.182,24.054
2013-06-11,9.622,28.288
2013-06-12,4.302,12.646
2013-06-13,2.44,7.174
2013-06-14,1.752,5.152
2013-06-15,1.437,4.226
2013-06-16,1.24,3.645
2013-06-17,1.104,3.245
2013-06-18,1.002,2.946
2013-06-19,0.923,2.713
2013-06-20,0.874,2.569
2013-06-21,0.887,2.608
2013-06-22,0.841,2.473
2013-06-23,0.785,2.308
2013-06-24,0.817,2.401
2013-06-25,1.137,3.341
2013-06-26,1.084,3.186
2013-06-27,0.936,2.752
2013-06-28,0.846,2.488
2013-06-29,0.847,2.49
2013-06-30,1.061,3.118
2013-07-01,0.995,2.926
2013-07-02,0.869,2.556
2013-07-03,0.792,2.328
2013-07-04,0.748,2.198
2013-07-05,0.707,2.079
2013-07-06,0.671,1.973
2013-07-07,0.64,1.88
2013-07-08,0.612,1.799
2013-07-09,0.587,1.725
2013-07-10,0.564,1.659
2013-07-11,0.543,1.597
2013-07-12,0.524,1.541
2013-07-13,0.506,1.488
2013-07-14,0.489,1.439
2013-07-15,0.473,1.392
2013-07-16,0.458,1.347
2013-07-17,0.444,1.304
2013-07-18,0.43,1.263
2013-07-19,0.416,1.224
2013-07-20,0.403,1.186
2013-07-21,0.391,1.149
2013-07-22,0.379,1.114
2013-07-23,0.367,1.08
2013-07-24,0.356,1.047
2013-07-25,0.346,1.017
2013-07-26,0.336,0.989
2013-07-27,0.327,0.96
2013-07-28,0.317,0.932
2013-07-29,0.319,0.937
2013-07-30,0.358,1.053
2013-07-31,0.353,1.039
2013-08-01,0.327,0.962
2013-08-02,0.311,0.915
2013-08-03,0.3,0.883
2013-08-04,0.306,0.899
2013-08-05,0.365,1.073
2013-08-06,0.391,1.15
2013-08-07,0.499,1.467
2013-08-08,0.495,1.455
2013-08-09,0.569,1.673
2013-08-10,1.002,2.945
2013-08-11,0.924,2.718
2013-08-12,0.722,2.123
2013-08-13,0.613,1.801
2013-08-14,0.551,1.621
2013-08-15,0.502,1.477
2013-08-16,0.462,1.359
2013-08-17,0.429,1.26
2013-08-18,0.4,1.176
2013-08-19,0.388,1.14
2013-08-20,0.419,1.231
2013-08-21,0.401,1.18
2013-08-22,0.365,1.073
2013-08-23,0.341,1.002
2013-08-24,0.368,1.081
2013-08-25,0.723,2.127
2013-08-26,1.635,4.805
2013-08-27,1.39,4.087
2013-08-28,1.017,2.989
2013-08-29,0.814,2.394
2013-08-30,0.7,2.059
2013-08-31,0.617,1.814
2013-09-01,0.554,1.628
2013-09-02,0.504,1.481
2013-09-03,0.463,1.362
2013-09-04,0.429,1.262
2013-09-05,0.401,1.178
2013-09-06,0.376,1.106
2013-09-07,0.355,1.044
2013-09-08,0.412,1.211
2013-09-09,0.801,2.354
2013-09-10,0.846,2.488
2013-09-11,1.04,3.057
2013-09-12,1.189,3.494
2013-09-13,1.644,4.832
2013-09-14,1.334,3.923
2013-09-15,1.072,3.151
2013-09-16,1.277,3.755
2013-09-17,1.562,4.591
2013-09-18,1.733,5.093
2013-09-19,2.04,5.997
2013-09-20,1.553,4.565
2013-09-21,1.15,3.38
2013-09-22,0.93,2.735
2013-09-23,0.799,2.348
2013-09-24,0.704,2.069
2013-09-25,0.632,1.859
2013-09-26,0.601,1.766
2013-09-27,0.662,1.946
2013-09-28,0.62,1.824
2013-09-29,0.551,1.62
2013-09-30,0.506,1.486
2013-10-01,0.474,1.394
2013-10-02,0.448,1.317
2013-10-03,0.426,1.251
2013-10-04,0.406,1.194
2013-10-05,0.44,1.295
2013-10-06,0.68,2
2013-10-07,0.677,1.989
2013-10-08,0.572,1.681
2013-10-09,0.511,1.503
2013-10-10,0.59,1.735
2013-10-11,1.18,3.469
2013-10-12,1.104,3.246
2013-10-13,0.89,2.617
2013-10-14,0.753,2.213
2013-10-15,0.873,2.567
2013-10-16,2.015,5.925
2013-10-17,1.697,4.988
2013-10-18,1.218,3.581
2013-10-19,0.967,2.844
2013-10-20,0.834,2.452
2013-10-21,0.739,2.171
2013-10-22,0.667,1.961
2013-10-23,0.644,1.894
2013-10-24,0.746,2.192
2013-10-25,0.7,2.059
2013-10-26,0.617,1.813
2013-10-27,0.568,1.67
2013-10-28,0.56,1.647
2013-10-29,0.569,1.674
2013-10-30,0.538,1.582
2013-10-31,0.5,1.471
2013-11-01,0.48,1.411
2013-11-02,0.502,1.476
2013-11-03,0.588,1.728
2013-11-04,0.685,2.014
2013-11-05,0.674,1.983
2013-11-06,0.709,2.084
2013-11-07,0.763,2.244
2013-11-08,0.757,2.225
2013-11-09,0.965,2.837
2013-11-10,1.08,3.175
2013-11-11,1.981,5.823
2013-11-12,1.646,4.838
2013-11-13,1.213,3.565
2013-11-14,0.988,2.904
2013-11-15,0.886,2.603
2013-11-16,0.793,2.332
2013-11-17,0.722,2.121
2013-11-18,0.664,1.953
2013-11-19,0.65,1.911
2013-11-20,0.766,2.252
2013-11-21,0.792,2.328
2013-11-22,0.714,2.1
2013-11-23,0.709,2.084
2013-11-24,0.944,2.774
2013-11-25,0.932,2.739
2013-11-26,0.826,2.427
2013-11-27,0.757,2.226
2013-11-28,0.699,2.055
2013-11-29,0.688,2.023
2013-11-30,0.764,2.247
2013-12-01,0.722,2.121
2013-12-02,0.652,1.917
2013-12-03,0.608,1.787
2013-12-04,0.578,1.699
2013-12-05,0.574,1.687
2013-12-06,0.65,1.912
2013-12-07,0.654,1.924
2013-12-08,0.606,1.78
2013-12-09,0.567,1.667
2013-12-10,0.543,1.596
2013-12-11,0.524,1.54
2013-12-12,0.508,1.492
2013-12-13,0.494,1.451
2013-12-14,0.505,1.484
2013-12-15,0.6,1.763
2013-12-16,0.591,1.736
2013-12-17,0.544,1.6
2013-12-18,0.518,1.522
2013-12-19,0.507,1.491
2013-12-20,0.519,1.526
2013-12-21,0.515,1.514
2013-12-22,0.496,1.458
2013-12-23,0.48,1.411
2013-12-24,0.469,1.378
2013-12-25,0.464,1.365
2013-12-26,0.529,1.554
2013-12-27,0.767,2.255
2013-12-28,0.747,2.195
2013-12-29,0.649,1.909
2013-12-30,0.597,1.755
2013-12-31,0.568,1.67
2014-01-01,0.544,1.6
2014-01-02,0.524,1.541
2014-01-03,0.508,1.494
2014-01-04,0.545,1.603
2014-01-05,0.78,2.293
2014-01-06,0.834,2.451
2014-01-07,0.735,2.161
2014-01-08,0.657,1.931
2014-01-09,0.666,1.957
2014-01-10,0.878,2.582
2014-01-11,0.856,2.518
2014-01-12,0.836,2.457
2014-01-13,0.781,2.295
2014-01-14,0.935,2.75
2014-01-15,1.674,4.922
2014-01-16,1.456,4.28
2014-01-17,1.129,3.32
2014-01-18,0.978,2.877
2014-01-19,0.873,2.567
2014-01-20,0.833,2.449
2014-01-21,1.024,3.009
2014-01-22,1.188,3.494
2014-01-23,1.063,3.124
2014-01-24,1.011,2.973
2014-01-25,0.968,2.845
2014-01-26,0.996,2.927
2014-01-27,1.213,3.566
2014-01-28,1.294,3.803
2014-01-29,1.103,3.242
2014-01-30,0.936,2.753
2014-01-31,0.838,2.465
2014-02-01,0.781,2.295
2014-02-02,0.79,2.322
2014-02-03,0.864,2.54
2014-02-04,0.81,2.382
2014-02-05,0.735,2.161
2014-02-06,0.687,2.021
2014-02-07,0.654,1.924
2014-02-08,0.627,1.844
2014-02-09,0.604,1.776
2014-02-10,0.585,1.72
2014-02-11,0.569,1.671
2014-02-12,0.554,1.63
2014-02-13,0.57,1.677
2014-02-14,0.691,2.03
2014-02-15,0.699,2.054
2014-02-16,0.732,2.151
2014-02-17,0.696,2.046
2014-02-18,0.645,1.897
2014-02-19,0.612,1.799
2014-02-20,0.597,1.756
2014-02-21,0.634,1.865
2014-02-22,0.711,2.089
2014-02-23,0.681,2.001
2014-02-24,0.628,1.847
2014-02-25,0.596,1.753
2014-02-26,0.603,1.773
2014-02-27,0.734,2.159
2014-02-28,0.793,2.331
2014-03-01,0.727,2.138
2014-03-02,0.662,1.947
2014-03-03,0.624,1.835
2014-03-04,0.618,1.817
2014-03-05,0.688,2.023
2014-03-06,0.666,1.958
2014-03-07,0.616,1.811
2014-03-08,0.584,1.716
2014-03-09,0.562,1.651
2014-03-10,0.542,1.595
2014-03-11,0.526,1.545
2014-03-12,0.511,1.501
2014-03-13,0.497,1.461
2014-03-14,0.485,1.425
2014-03-15,0.473,1.391
2014-03-16,0.463,1.361
2014-03-17,0.454,1.334
2014-03-18,0.445,1.308
2014-03-19,0.436,1.283
2014-03-20,0.428,1.259
2014-03-21,0.42,1.235
2014-03-22,0.445,1.31
2014-03-23,0.642,1.888
2014-03-24,0.867,2.548
2014-03-25,0.801,2.356
2014-03-26,0.685,2.015
2014-03-27,0.621,1.825
2014-03-28,0.581,1.708
2014-03-29,0.549,1.613
2014-03-30,0.521,1.531
2014-03-31,0.497,1.461
2014-04-01,0.476,1.399
2014-04-02,0.457,1.345
2014-04-03,0.441,1.296
2014-04-04,0.426,1.252
2014-04-05,0.412,1.212
2014-04-06,0.4,1.176
2014-04-07,0.389,1.144
2014-04-08,0.382,1.122
2014-04-09,0.385,1.132
2014-04-10,0.377,1.109
2014-04-11,0.365,1.072
2014-04-12,0.355,1.043
2014-04-13,0.346,1.018
2014-04-14,0.339,0.995
2014-04-15,0.331,0.974
2014-04-16,0.325,0.955
2014-04-17,0.318,0.936
2014-04-18,0.337,0.991
2014-04-19,0.446,1.312
2014-04-20,0.447,1.313
2014-04-21,0.403,1.184
2014-04-22,0.399,1.174
2014-04-23,0.387,1.138
2014-04-24,0.366,1.077
2014-04-25,0.351,1.032
2014-04-26,0.357,1.048
2014-04-27,0.469,1.38
2014-04-28,0.683,2.007
2014-04-29,0.652,1.916
2014-04-30,0.548,1.612
2014-05-01,0.491,1.444
2014-05-02,0.473,1.389
2014-05-03,0.506,1.488
2014-05-04,0.483,1.421
2014-05-05,0.441,1.297
2014-05-06,0.412,1.213
2014-05-07,0.424,1.248
2014-05-08,0.576,1.695
2014-05-09,0.637,1.872
2014-05-10,0.563,1.656
2014-05-11,0.495,1.454
2014-05-12,0.464,1.364
2014-05-13,0.503,1.479
2014-05-14,0.653,1.92
2014-05-15,0.68,1.999
2014-05-16,0.594,1.746
2014-05-17,0.523,1.536
2014-05-18,0.48,1.412
2014-05-19,0.448,1.318
2014-05-20,0.421,1.237
2014-05-21,0.397,1.167
2014-05-22,0.376,1.105
2014-05-23,0.357,1.05
2014-05-24,0.341,1.002
2014-05-25,0.326,0.958
2014-05-26,0.313,0.919
2014-05-27,0.326,0.958
2014-05-28,0.432,1.27
2014-05-29,0.427,1.256
2014-05-30,0.373,1.096
2014-05-31,0.344,1.011
2014-06-01,0.328,0.963
2014-06-02,0.314,0.922
2014-06-03,0.303,0.892
2014-06-04,0.292,0.858
2014-06-05,0.28,0.824
2014-06-06,0.27,0.794
2014-06-07,0.261,0.766
2014-06-08,0.252,0.74
2014-06-09,0.243,0.714
2014-06-10,0.235,0.69
2014-06-11,0.227,0.668
2014-06-12,0.22,0.646
2014-06-13,0.213,0.627
2014-06-14,0.207,0.608
2014-06-15,0.201,0.59
2014-06-16,0.195,0.573
2014-06-17,0.19,0.557
2014-06-18,0.184,0.542
2014-06-19,0.18,0.528
2014-06-20,0.175,0.514
2014-06-21,0.17,0.501
2014-06-22,0.166,0.488
2014-06-23,0.17,0.5
2014-06-24,0.202,0.593
2014-06-25,0.202,0.593
2014-06-26,0.182,0.534
2014-06-27,0.172,0.505
2014-06-28,0.183,0.539
2014-06-29,0.274,0.806
2014-06-30,0.375,1.102
2014-07-01,0.366,1.077
2014-07-02,0.311,0.915
2014-07-03,0.278,0.817
2014-07-04,0.261,0.767
2014-07-05,0.247,0.727
2014-07-06,0.235,0.692
2014-07-07,0.225,0.661
2014-07-08,0.254,0.748
2014-07-09,0.462,1.359
2014-07-10,0.596,1.752
2014-07-11,0.627,1.844
2014-07-12,0.554,1.628
2014-07-13,0.503,1.478
2014-07-14,0.451,1.325
2014-07-15,0.403,1.186
2014-07-16,0.369,1.084
2014-07-17,0.342,1.004
2014-07-18,0.318,0.935
2014-07-19,0.298,0.876
2014-07-20,0.28,0.823
2014-07-21,0.399,1.172
2014-07-22,1.355,3.982
2014-07-23,1.575,4.629
2014-07-24,1.148,3.375
2014-07-25,0.853,2.506
2014-07-26,0.784,2.305
2014-07-27,1.046,3.076
2014-07-28,1.038,3.05
2014-07-29,1.387,4.078
2014-07-30,1.268,3.726
2014-07-31,1.455,4.279
2014-08-01,1.182,3.475
2014-08-02,0.907,2.666
2014-08-03,0.758,2.229
2014-08-04,0.739,2.172
2014-08-05,0.768,2.259
2014-08-06,0.678,1.994
2014-08-07,0.579,1.702
2014-08-08,0.515,1.513
2014-08-09,0.468,1.377
2014-08-10,0.488,1.436
2014-08-11,0.74,2.176
2014-08-12,0.711,2.091
2014-08-13,0.592,1.742
2014-08-14,0.561,1.649
2014-08-15,0.525,1.544
2014-08-16,0.522,1.534
2014-08-17,0.499,1.467
2014-08-18,0.452,1.329
2014-08-19,0.412,1.212
2014-08-20,0.39,1.146
2014-08-21,0.392,1.152
2014-08-22,0.373,1.095
2014-08-23,0.355,1.043
2014-08-24,0.377,1.109
2014-08-25,0.376,1.105
2014-08-26,0.401,1.18
2014-08-27,0.39,1.147
2014-08-28,0.384,1.128
2014-08-29,0.363,1.066
2014-08-30,0.339,0.996
2014-08-31,0.412,1.211
2014-09-01,0.92,2.705
2014-09-02,0.887,2.608
2014-09-03,0.68,1.998
2014-09-04,0.572,1.68
2014-09-05,0.516,1.517
2014-09-06,0.471,1.385
2014-09-07,0.434,1.277
2014-09-08,0.404,1.187
2014-09-09,0.378,1.11
2014-09-10,0.355,1.045
2014-09-11,0.344,1.011
2014-09-12,0.452,1.328
2014-09-13,0.966,2.839
2014-09-14,0.995,2.924
2014-09-15,0.776,2.28
2014-09-16,0.636,1.871
2014-09-17,0.563,1.656
2014-09-18,0.51,1.499
2014-09-19,0.467,1.372
2014-09-20,0.439,1.292
2014-09-21,0.52,1.53
2014-09-22,0.884,2.598
2014-09-23,0.826,2.428
2014-09-24,0.676,1.988
2014-09-25,0.67,1.968
2014-09-26,0.611,1.797
2014-09-27,0.537,1.578
2014-09-28,0.486,1.428
2014-09-29,0.449,1.319
2014-09-30,0.424,1.245
2014-10-01,0.422,1.241
2014-10-02,0.4,1.177
2014-10-03,0.372,1.094
2014-10-04,0.351,1.032
2014-10-05,0.334,0.983
2014-10-06,0.32,0.94
2014-10-07,0.307,0.902
2014-10-08,0.296,0.869
2014-10-09,0.285,0.839
2014-10-10,0.276,0.811
2014-10-11,0.267,0.786
2014-10-12,0.259,0.763
2014-10-13,0.269,0.79
2014-10-14,0.335,0.986
2014-10-15,0.337,0.992
2014-10-16,0.352,1.035
2014-10-17,0.516,1.517
2014-10-18,0.515,1.514
2014-10-19,0.435,1.28
2014-10-20,0.533,1.568
2014-10-21,1.502,4.415
2014-10-22,2.039,5.995
2014-10-23,2.272,6.681
2014-10-24,1.678,4.932
2014-10-25,1.215,3.573
2014-10-26,0.964,2.835
2014-10-27,0.818,2.404
2014-10-28,0.714,2.1
2014-10-29,0.65,1.911
2014-10-30,0.642,1.886
2014-10-31,0.592,1.74
2014-11-01,0.535,1.574
2014-11-02,0.495,1.454
2014-11-03,0.464,1.363
2014-11-04,0.438,1.287
2014-11-05,0.465,1.367
2014-11-06,0.688,2.023
2014-11-07,0.68,1.998
2014-11-08,0.576,1.695
2014-11-09,0.515,1.514
2014-11-10,0.481,1.413
2014-11-11,0.453,1.332
2014-11-12,0.432,1.269
2014-11-13,0.42,1.236
2014-11-14,0.406,1.193
2014-11-15,0.388,1.141
2014-11-16,0.373,1.096
2014-11-17,0.4,1.175
2014-11-18,0.654,1.922
2014-11-19,1.035,3.042
2014-11-20,0.949,2.791
2014-11-21,0.763,2.244
2014-11-22,0.658,1.936
2014-11-23,0.598,1.758
2014-11-24,0.552,1.622
2014-11-25,0.514,1.512
2014-11-26,0.484,1.422
2014-11-27,0.458,1.347
2014-11-28,0.437,1.283
2014-11-29,0.418,1.229
2014-11-30,0.405,1.189
2014-12-01,0.406,1.193
2014-12-02,0.429,1.262
2014-12-03,0.453,1.332
2014-12-04,0.433,1.273
2014-12-05,0.407,1.196
2014-12-06,0.409,1.203
2014-12-07,0.471,1.386
2014-12-08,0.504,1.48
2014-12-09,0.475,1.395
2014-12-10,0.442,1.3
2014-12-11,0.433,1.273
2014-12-12,0.418,1.229
2014-12-13,0.4,1.177
2014-12-14,0.392,1.152
2014-12-15,0.405,1.19
2014-12-16,0.407,1.197
2014-12-17,0.432,1.271
2014-12-18,0.546,1.605
2014-12-19,0.59,1.734
2014-12-20,0.709,2.086
2014-12-21,0.665,1.956
2014-12-22,0.579,1.703
2014-12-23,0.529,1.556
2014-12-24,0.498,1.465
2014-12-25,0.503,1.48
2014-12-26,0.621,1.825
2014-12-27,0.67,1.968
2014-12-28,0.945,2.778
2014-12-29,0.981,2.883
2014-12-30,1.115,3.278
2014-12-31,1.543,4.536
2015-01-01,1.298,3.815
2015-01-02,1.129,3.319
2015-01-03,1.752,5.149
2015-01-04,2.646,7.779
2015-01-05,1.957,5.752
2015-01-06,1.39,4.086
2015-01-07,1.11,3.262
2015-01-08,0.998,2.933
2015-01-09,1.082,3.181
2015-01-10,1.434,4.215
2015-01-11,1.778,5.228
2015-01-12,1.493,4.388
2015-01-13,1.171,3.442
2015-01-14,1.018,2.991
2015-01-15,1.055,3.102
2015-01-16,1.007,2.962
2015-01-17,1.226,3.603
2015-01-18,1.491,4.383
2015-01-19,1.262,3.709
2015-01-20,1.046,3.074
2015-01-21,0.983,2.89
2015-01-22,0.89,2.618
2015-01-23,0.805,2.366
2015-01-24,0.769,2.262
2015-01-25,0.812,2.387
2015-01-26,0.819,2.406
2015-01-27,1.008,2.963
2015-01-28,1.035,3.042
2015-01-29,1.099,3.232
2015-01-30,1.411,4.148
2015-01-31,1.423,4.183
2015-02-01,1.228,3.61
2015-02-02,1.306,3.838
2015-02-03,1.405,4.131
2015-02-04,1.202,3.533
2015-02-05,1.014,2.982
2015-02-06,0.903,2.654
2015-02-07,0.83,2.439
2015-02-08,0.79,2.324
2015-02-09,0.818,2.404
2015-02-10,0.778,2.286
2015-02-11,0.724,2.128
2015-02-12,0.687,2.019
2015-02-13,0.66,1.94
2015-02-14,0.638,1.875
2015-02-15,0.619,1.819
2015-02-16,0.603,1.772
2015-02-17,0.589,1.732
2015-02-18,0.577,1.697
2015-02-19,0.567,1.666
2015-02-20,0.557,1.638
2015-02-21,0.583,1.714
2015-02-22,0.736,2.164
2015-02-23,0.75,2.205
2015-02-24,0.794,2.334
2015-02-25,0.752,2.211
2015-02-26,0.693,2.037
2015-02-27,0.733,2.154
2015-02-28,1.095,3.218
2015-03-01,1.077,3.167
2015-03-02,1.154,3.393
2015-03-03,1.288,3.787
2015-03-04,1.174,3.452
2015-03-05,1,2.941
2015-03-06,0.885,2.6
2015-03-07,0.81,2.382
2015-03-08,0.755,2.219
2015-03-09,0.711,2.09
2015-03-10,0.675,1.985
2015-03-11,0.646,1.899
2015-03-12,0.622,1.827
2015-03-13,0.601,1.766
2015-03-14,0.583,1.714
2015-03-15,0.567,1.668
2015-03-16,0.553,1.627
2015-03-17,0.541,1.589
2015-03-18,0.529,1.555
2015-03-19,0.518,1.522
2015-03-20,0.507,1.492
2015-03-21,0.524,1.539
2015-03-22,0.634,1.862
2015-03-23,0.626,1.839
2015-03-24,0.576,1.693
2015-03-25,0.547,1.608
2015-03-26,0.529,1.555
2015-03-27,0.514,1.51
2015-03-28,0.5,1.47
2015-03-29,0.589,1.731
2015-03-30,1.158,3.403
2015-03-31,1.266,3.721
2015-04-01,1.309,3.848
2015-04-02,1.202,3.533
2015-04-03,1.365,4.012
2015-04-04,1.305,3.835
2015-04-05,1.476,4.34
2015-04-06,1.256,3.694
2015-04-07,1.03,3.028
2015-04-08,0.894,2.627
2015-04-09,0.807,2.372
2015-04-10,0.74,2.176
2015-04-11,0.687,2.02
2015-04-12,0.644,1.894
2015-04-13,0.609,1.79
2015-04-14,0.579,1.701
2015-04-15,0.552,1.624
2015-04-16,0.529,1.556
2015-04-17,0.641,1.885
2015-04-18,1.389,4.085
2015-04-19,1.284,3.776
2015-04-20,0.994,2.923
2015-04-21,0.837,2.461
2015-04-22,0.752,2.21
2015-04-23,0.686,2.016
2015-04-24,0.634,1.863
2015-04-25,0.592,1.739
2015-04-26,0.557,1.638
2015-04-27,0.753,2.212
2015-04-28,2.296,6.749
2015-04-29,2.174,6.391
2015-04-30,1.613,4.743
2015-05-01,2.306,6.78
2015-05-02,6.579,19.341
2015-05-03,4.858,14.28
2015-05-04,2.978,8.756
2015-05-05,2.126,6.25
2015-05-06,2.494,7.333
2015-05-07,2.214,6.508
2015-05-08,1.652,4.857
2015-05-09,1.299,3.82
2015-05-10,1.107,3.255
2015-05-11,0.981,2.883
2015-05-12,0.887,2.607
2015-05-13,0.814,2.394
2015-05-14,0.91,2.677
2015-05-15,1.807,5.313
2015-05-16,2.108,6.197
2015-05-17,1.617,4.753
2015-05-18,1.25,3.675
2015-05-19,1.257,3.696
2015-05-20,2.32,6.82
2015-05-21,2.578,7.579
2015-05-22,1.878,5.522
2015-05-23,1.403,4.125
2015-05-24,1.16,3.409
2015-05-25,1.071,3.15
2015-05-26,1.224,3.598
2015-05-27,1.104,3.245
2015-05-28,0.949,2.791
2015-05-29,0.85,2.499
2015-05-30,0.783,2.302
2015-05-31,0.73,2.146
2015-06-01,0.686,2.018
2015-06-02,0.649,1.908
2015-06-03,0.617,1.813
2015-06-04,0.588,1.729
2015-06-05,0.562,1.652
2015-06-06,0.599,1.762
2015-06-07,0.947,2.784
2015-06-08,1.286,3.779
2015-06-09,1.33,3.91
2015-06-10,1.098,3.229
2015-06-11,0.914,2.688
2015-06-12,0.805,2.368
2015-06-13,0.745,2.191
2015-06-14,0.963,2.831
2015-06-15,2.263,6.654
2015-06-16,2.261,6.648
2015-06-17,1.623,4.77
2015-06-18,1.369,4.023
2015-06-19,1.812,5.327
2015-06-20,1.508,4.433
2015-06-21,1.231,3.62
2015-06-22,1.43,4.204
2015-06-23,1.971,5.794
2015-06-24,1.597,4.694
2015-06-25,1.224,3.597
2015-06-26,1.018,2.991
2015-06-27,1.007,2.961
2015-06-28,1.462,4.297
2015-06-29,1.288,3.786
2015-06-30,1.031,3.03
2015-07-01,0.88,2.586
2015-07-02,0.787,2.313
2015-07-03,0.715,2.102
2015-07-04,0.658,1.934
2015-07-05,0.611,1.796
2015-07-06,0.572,1.683
2015-07-07,0.54,1.588
2015-07-08,0.512,1.506
2015-07-09,0.488,1.436
2015-07-10,0.467,1.374
2015-07-11,0.448,1.317
2015-07-12,0.43,1.264
2015-07-13,0.413,1.215
2015-07-14,0.398,1.171
2015-07-15,0.385,1.131
2015-07-16,0.371,1.092
2015-07-17,0.359,1.055
2015-07-18,0.347,1.02
2015-07-19,0.336,0.986
2015-07-20,0.325,0.956
2015-07-21,0.315,0.926
2015-07-22,0.355,1.044
2015-07-23,0.609,1.79
2015-07-24,0.652,1.918
2015-07-25,0.548,1.612
2015-07-26,0.478,1.405
2015-07-27,0.443,1.301
2015-07-28,0.415,1.221
2015-07-29,0.392,1.153
2015-07-30,0.372,1.094
2015-07-31,0.355,1.042
2015-08-01,0.339,0.996
2015-08-02,0.324,0.954
2015-08-03,0.311,0.915
2015-08-04,0.299,0.88
2015-08-05,0.288,0.847
2015-08-06,0.278,0.816
2015-08-07,0.268,0.787
2015-08-08,0.258,0.759
2015-08-09,0.249,0.733
2015-08-10,0.241,0.709
2015-08-11,0.233,0.686
2015-08-12,0.226,0.665
2015-08-13,0.219,0.644
2015-08-14,0.229,0.673
2015-08-15,0.38,1.117
2015-08-16,0.875,2.572
2015-08-17,0.923,2.712
2015-08-18,0.715,2.102
2015-08-19,0.584,1.716
2015-08-20,0.518,1.522
2015-08-21,0.47,1.382
2015-08-22,0.431,1.268
2015-08-23,0.399,1.172
2015-08-24,0.372,1.093
2015-08-25,0.349,1.025
2015-08-26,0.329,0.966
2015-08-27,0.311,0.914
2015-08-28,0.295,0.867
2015-08-29,0.281,0.825
2015-08-30,0.268,0.788
2015-08-31,0.256,0.753
2015-09-01,0.247,0.726
2015-09-02,0.242,0.712
2015-09-03,0.24,0.705
2015-09-04,0.255,0.751
2015-09-05,0.251,0.738
2015-09-06,0.24,0.706
2015-09-07,0.23,0.676
2015-09-08,0.22,0.646
2015-09-09,0.212,0.622
2015-09-10,0.205,0.602
2015-09-11,0.199,0.584
2015-09-12,0.193,0.567
2015-09-13,0.187,0.551
2015-09-14,0.199,0.586
2015-09-15,0.272,0.8
2015-09-16,0.275,0.808
2015-09-17,0.237,0.696
2015-09-18,0.223,0.656
2015-09-19,0.229,0.673
2015-09-20,0.222,0.654
2015-09-21,0.21,0.618
2015-09-22,0.212,0.623
2015-09-23,0.254,0.748
2015-09-24,0.268,0.787
2015-09-25,0.244,0.717
2015-09-26,0.224,0.659
2015-09-27,0.214,0.63
2015-09-28,0.207,0.608
2015-09-29,0.2,0.588
2015-09-30,0.194,0.57
2015-10-01,0.188,0.553
2015-10-02,0.183,0.537
2015-10-03,0.177,0.522
2015-10-04,0.173,0.509
2015-10-05,0.17,0.499
2015-10-06,0.19,0.559
2015-10-07,0.334,0.982
2015-10-08,0.506,1.488
2015-10-09,0.459,1.349
2015-10-10,0.369,1.085
2015-10-11,0.33,0.969
2015-10-12,0.309,0.91
2015-10-13,0.341,1.003
2015-10-14,0.592,1.74
2015-10-15,0.674,1.982
2015-10-16,0.579,1.703
2015-10-17,0.576,1.692
2015-10-18,0.584,1.716
2015-10-19,0.528,1.553
2015-10-20,0.464,1.364
2015-10-21,0.419,1.233
2015-10-22,0.387,1.138
2015-10-23,0.36,1.06
2015-10-24,0.338,0.993
2015-10-25,0.318,0.936
2015-10-26,0.302,0.886
2015-10-27,0.287,0.843
2015-10-28,0.274,0.805
2015-10-29,0.264,0.775
2015-10-30,0.259,0.761
2015-10-31,0.25,0.735
2015-11-01,0.239,0.703
2015-11-02,0.231,0.678
2015-11-03,0.223,0.657
2015-11-04,0.217,0.637
2015-11-05,0.211,0.619
2015-11-06,0.205,0.603
2015-11-07,0.2,0.587
2015-11-08,0.195,0.573
2015-11-09,0.19,0.56
2015-11-10,0.186,0.548
2015-11-11,0.182,0.536
2015-11-12,0.179,0.525
2015-11-13,0.177,0.519
2015-11-14,0.179,0.527
2015-11-15,0.177,0.52
2015-11-16,0.171,0.503
2015-11-17,0.167,0.492
2015-11-18,0.165,0.484
2015-11-19,0.166,0.488
2015-11-20,0.354,1.041
2015-11-21,1.897,5.577
2015-11-22,1.845,5.424
2015-11-23,1.256,3.693
2015-11-24,0.94,2.763
2015-11-25,0.825,2.427
2015-11-26,0.773,2.272
2015-11-27,0.694,2.041
2015-11-28,0.618,1.817
2015-11-29,0.598,1.759
2015-11-30,0.601,1.766
2015-12-01,0.773,2.271
2015-12-02,0.8,2.351
2015-12-03,0.681,2.001
2015-12-04,0.584,1.718
2015-12-05,0.534,1.571
2015-12-06,0.492,1.446
2015-12-07,0.454,1.336
2015-12-08,0.428,1.258
2015-12-09,0.447,1.314
2015-12-10,0.556,1.635
2015-12-11,0.531,1.562
2015-12-12,0.464,1.363
2015-12-13,0.425,1.248
2015-12-14,0.401,1.178
2015-12-15,0.38,1.117
2015-12-16,0.404,1.188
2015-12-17,0.59,1.734
2015-12-18,0.577,1.697
2015-12-19,0.49,1.44
2015-12-20,0.442,1.301
2015-12-21,0.423,1.243
2015-12-22,0.427,1.257
2015-12-23,0.409,1.202
2015-12-24,0.382,1.124
2015-12-25,0.363,1.068
2015-12-26,0.349,1.025
2015-12-27,0.336,0.987
2015-12-28,0.324,0.953
2015-12-29,0.314,0.923
2015-12-30,0.305,0.897
2015-12-31,0.326,0.959
2016-01-01,0.458,1.348
2016-01-02,0.514,1.511
2016-01-03,0.758,2.229
2016-01-04,0.914,2.688
2016-01-05,0.815,2.396
2016-01-06,0.693,2.038
2016-01-07,0.698,2.051
2016-01-08,0.827,2.432
2016-01-09,0.972,2.858
2016-01-10,1.016,2.986
2016-01-11,1.706,5.014
2016-01-12,1.814,5.333
2016-01-13,1.738,5.111
2016-01-14,1.39,4.087
2016-01-15,1.134,3.334
2016-01-16,1.075,3.161
2016-01-17,0.973,2.861
2016-01-18,0.897,2.638
2016-01-19,0.791,2.324
2016-01-20,0.7,2.058
2016-01-21,0.637,1.873
2016-01-22,0.603,1.772
2016-01-23,0.619,1.821
2016-01-24,0.587,1.724
2016-01-25,0.541,1.591
2016-01-26,0.509,1.497
2016-01-27,0.486,1.428
2016-01-28,0.515,1.513
2016-01-29,0.736,2.162
2016-01-30,0.79,2.323
2016-01-31,1.217,3.578
2016-02-01,1.932,5.68
2016-02-02,1.582,4.651
2016-02-03,1.391,4.089
2016-02-04,1.706,5.016
2016-02-05,1.717,5.048
2016-02-06,1.346,3.956
2016-02-07,1.071,3.148
2016-02-08,0.932,2.74
2016-02-09,0.903,2.655
2016-02-10,0.829,2.437
2016-02-11,0.746,2.192
2016-02-12,0.684,2.011
2016-02-13,0.663,1.95
2016-02-14,0.765,2.249
2016-02-15,0.875,2.572
2016-02-16,0.8,2.353
2016-02-17,0.708,2.081
2016-02-18,0.653,1.919
2016-02-19,0.616,1.811
2016-02-20,0.653,1.92
2016-02-21,0.959,2.819
2016-02-22,0.913,2.684
2016-02-23,0.82,2.409
2016-02-24,1.011,2.971
2016-02-25,1.298,3.815
2016-02-26,1.229,3.614
2016-02-27,1.019,2.997
2016-02-28,0.874,2.571
2016-02-29,0.949,2.791
2016-03-01,1.797,5.282
2016-03-02,1.813,5.329
2016-03-03,1.78,5.232
2016-03-04,1.42,4.176
2016-03-05,1.215,3.573
2016-03-06,1.363,4.007
2016-03-07,1.195,3.512
2016-03-08,1.002,2.946
2016-03-09,0.884,2.599
2016-03-10,0.808,2.376
2016-03-11,0.75,2.205
2016-03-12,0.704,2.07
2016-03-13,0.667,1.962
2016-03-14,0.637,1.874
2016-03-15,0.649,1.907
2016-03-16,0.796,2.34
2016-03-17,0.77,2.263
2016-03-18,0.693,2.039
2016-03-19,0.647,1.903
2016-03-20,0.618,1.816
2016-03-21,0.593,1.743
2016-03-22,0.572,1.681
2016-03-23,0.553,1.627
2016-03-24,0.537,1.58
2016-03-25,0.569,1.671
2016-03-26,0.772,2.271
2016-03-27,0.755,2.219
2016-03-28,0.667,1.962
2016-03-29,0.618,1.816
2016-03-30,0.589,1.731
2016-03-31,0.565,1.661
2016-04-01,0.544,1.6
2016-04-02,0.526,1.546
2016-04-03,0.509,1.497
2016-04-04,0.494,1.453
2016-04-05,0.481,1.413
2016-04-06,0.469,1.379
2016-04-07,0.458,1.348
2016-04-08,0.449,1.32
2016-04-09,0.44,1.294
2016-04-10,0.432,1.271
2016-04-11,0.425,1.248
2016-04-12,0.428,1.258
2016-04-13,0.468,1.375
2016-04-14,0.464,1.363
2016-04-15,0.498,1.464
2016-04-16,0.788,2.318
2016-04-17,0.935,2.75
2016-04-18,1.218,3.58
2016-04-19,1.072,3.152
2016-04-20,0.876,2.577
2016-04-21,0.763,2.244
2016-04-22,0.693,2.038
2016-04-23,0.69,2.028
2016-04-24,0.884,2.599
2016-04-25,0.829,2.438
2016-04-26,0.819,2.408
2016-04-27,1.282,3.769
2016-04-28,1.161,3.412
2016-04-29,0.928,2.729
2016-04-30,0.795,2.338
2016-05-01,0.749,2.201
2016-05-02,0.825,2.426
2016-05-03,0.776,2.283
2016-05-04,0.735,2.161
2016-05-05,0.673,1.978
2016-05-06,0.614,1.805
2016-05-07,0.57,1.675
2016-05-08,0.535,1.573
2016-05-09,0.505,1.486
2016-05-10,0.479,1.409
2016-05-11,0.457,1.343
2016-05-12,0.542,1.592
2016-05-13,1.217,3.578
2016-05-14,1.743,5.123
2016-05-15,1.804,5.305
2016-05-16,1.419,4.171
2016-05-17,1.265,3.719
2016-05-18,1.056,3.104
2016-05-19,0.958,2.815
2016-05-20,1.161,3.415
2016-05-21,1.032,3.033
2016-05-22,0.853,2.507
2016-05-23,0.895,2.632
2016-05-24,1.665,4.894
2016-05-25,1.548,4.55
2016-05-26,1.175,3.454
2016-05-27,0.947,2.785
2016-05-28,0.824,2.422
2016-05-29,1.035,3.043
2016-05-30,2.823,8.299
2016-05-31,2.477,7.282
2016-06-01,3.035,8.921
2016-06-02,2.471,7.264
2016-06-03,1.78,5.234
2016-06-04,1.553,4.564
2016-06-05,1.325,3.895
2016-06-06,1.33,3.91
2016-06-07,1.139,3.349
2016-06-08,1.16,3.409
2016-06-09,2.095,6.158
2016-06-10,1.739,5.113
2016-06-11,1.351,3.973
2016-06-12,1.408,4.14
2016-06-13,1.55,4.558
2016-06-14,1.668,4.905
2016-06-15,1.363,4.006
2016-06-16,1.448,4.257
2016-06-17,3.289,9.668
2016-06-18,2.514,7.39
2016-06-19,2.048,6.021
2016-06-20,1.763,5.183
2016-06-21,1.407,4.135
2016-06-22,1.153,3.389
2016-06-23,0.997,2.93
2016-06-24,0.889,2.614
2016-06-25,0.808,2.376
2016-06-26,0.746,2.194
2016-06-27,0.698,2.051
2016-06-28,0.657,1.931
2016-06-29,0.673,1.979
2016-06-30,0.911,2.679
2016-07-01,0.991,2.914
2016-07-02,0.889,2.613
2016-07-03,0.864,2.539
2016-07-04,0.791,2.326
2016-07-05,0.714,2.098
2016-07-06,0.658,1.934
2016-07-07,0.616,1.811
2016-07-08,0.58,1.707
2016-07-09,0.549,1.615
2016-07-10,0.522,1.535
2016-07-11,0.583,1.713
2016-07-12,1.187,3.491
2016-07-13,2.294,6.744
2016-07-14,2.745,8.071
2016-07-15,2.027,5.958
2016-07-16,1.448,4.258
2016-07-17,1.142,3.356
2016-07-18,0.966,2.839
2016-07-19,0.845,2.484
2016-07-20,0.755,2.221
2016-07-21,0.688,2.022
2016-07-22,0.635,1.866
2016-07-23,0.608,1.786
2016-07-24,0.64,1.882
2016-07-25,0.635,1.868
2016-07-26,0.744,2.187
2016-07-27,0.925,2.72
2016-07-28,1.06,3.116
2016-07-29,0.923,2.713
2016-07-30,0.778,2.287
2016-07-31,0.697,2.05
2016-08-01,0.663,1.95
2016-08-02,0.616,1.811
2016-08-03,0.57,1.675
2016-08-04,0.732,2.153
2016-08-05,2.16,6.35
2016-08-06,2.674,7.86
2016-08-07,1.873,5.506
2016-08-08,1.402,4.122
2016-08-09,1.427,4.196
2016-08-10,1.2,3.528
2016-08-11,0.99,2.91
2016-08-12,0.889,2.613
2016-08-13,0.795,2.337
2016-08-14,0.714,2.098
2016-08-15,0.652,1.917
2016-08-16,0.604,1.775
2016-08-17,0.564,1.659
2016-08-18,0.531,1.562
2016-08-19,0.504,1.482
2016-08-20,0.494,1.453
2016-08-21,0.534,1.569
2016-08-22,0.516,1.518
2016-08-23,0.479,1.408
2016-08-24,0.453,1.333
2016-08-25,0.434,1.277
2016-08-26,0.417,1.227
2016-08-27,0.402,1.181
2016-08-28,0.387,1.138
2016-08-29,0.382,1.123
2016-08-30,0.404,1.188
2016-08-31,0.395,1.161
2016-09-01,0.372,1.094
2016-09-02,0.357,1.049
2016-09-03,0.345,1.016
2016-09-04,0.335,0.985
2016-09-05,0.325,0.957
2016-09-06,0.317,0.932
2016-09-07,0.309,0.908
2016-09-08,0.301,0.886
2016-09-09,0.294,0.864
2016-09-10,0.287,0.843
2016-09-11,0.28,0.823
2016-09-12,0.273,0.804
2016-09-13,0.267,0.785
2016-09-14,0.261,0.768
2016-09-15,0.255,0.75
2016-09-16,0.286,0.841
2016-09-17,0.515,1.515
2016-09-18,0.953,2.802
2016-09-19,1.739,5.113
2016-09-20,1.58,4.644
2016-09-21,1.16,3.411
2016-09-22,0.909,2.673
2016-09-23,0.772,2.271
2016-09-24,0.678,1.994
2016-09-25,0.607,1.785
2016-09-26,0.551,1.621
2016-09-27,0.507,1.49
2016-09-28,0.47,1.382
2016-09-29,0.44,1.293
2016-09-30,0.414,1.217
2016-10-01,0.392,1.152
2016-10-02,0.379,1.114
2016-10-03,0.39,1.145
2016-10-04,0.376,1.106
2016-10-05,0.353,1.038
2016-10-06,0.337,0.99
2016-10-07,0.325,0.955
2016-10-08,0.315,0.926
2016-10-09,0.309,0.907
2016-10-10,0.3,0.883
2016-10-11,0.293,0.863
2016-10-12,0.296,0.869
2016-10-13,0.29,0.851
2016-10-14,0.28,0.822
2016-10-15,0.272,0.8
2016-10-16,0.266,0.783
2016-10-17,0.285,0.837
2016-10-18,0.4,1.176
2016-10-19,0.447,1.314
2016-10-20,0.424,1.247
2016-10-21,0.419,1.233
2016-10-22,0.411,1.207
2016-10-23,0.396,1.165
2016-10-24,0.458,1.347
2016-10-25,0.598,1.758
2016-10-26,0.632,1.859
2016-10-27,0.556,1.634
2016-10-28,0.489,1.438
2016-10-29,0.451,1.327
2016-10-30,0.424,1.246
2016-10-31,0.401,1.178
2016-11-01,0.381,1.12
2016-11-02,0.364,1.069
2016-11-03,0.349,1.025
2016-11-04,0.336,0.987
2016-11-05,0.382,1.123
2016-11-06,0.704,2.07
2016-11-07,0.859,2.525
2016-11-08,0.75,2.206
2016-11-09,0.654,1.923
2016-11-10,0.751,2.207
2016-11-11,0.981,2.883
2016-11-12,1.007,2.961
2016-11-13,0.842,2.475
2016-11-14,0.708,2.08
2016-11-15,0.686,2.017
2016-11-16,0.964,2.835
2016-11-17,1.196,3.516
2016-11-18,1.127,3.312
2016-11-19,1.566,4.603
2016-11-20,1.722,5.062
2016-11-21,1.337,3.93
2016-11-22,1.034,3.04
2016-11-23,0.868,2.552
2016-11-24,0.763,2.243
2016-11-25,0.686,2.016
2016-11-26,0.633,1.861
2016-11-27,0.613,1.803
2016-11-28,0.575,1.69
2016-11-29,0.534,1.571
2016-11-30,0.504,1.481
2016-12-01,0.48,1.411
2016-12-02,0.46,1.352
2016-12-03,0.442,1.301
2016-12-04,0.428,1.257
2016-12-05,0.415,1.219
2016-12-06,0.403,1.186
2016-12-07,0.393,1.156
2016-12-08,0.384,1.13
2016-12-09,0.376,1.107
2016-12-10,0.369,1.086
2016-12-11,0.367,1.078
2016-12-12,0.378,1.112
2016-12-13,0.374,1.099
2016-12-14,0.362,1.066
2016-12-15,0.355,1.044
2016-12-16,0.35,1.028
2016-12-17,0.345,1.014
2016-12-18,0.34,1.001
2016-12-19,0.336,0.989
2016-12-20,0.333,0.978
2016-12-21,0.329,0.968
2016-12-22,0.326,0.959
2016-12-23,0.324,0.952
2016-12-24,0.321,0.945
2016-12-25,0.32,0.942
2016-12-26,0.321,0.942
2016-12-27,0.328,0.966
2016-12-28,0.327,0.961
2016-12-29,0.321,0.943
2016-12-30,0.317,0.932
2016-12-31,0.314,0.924
2017-01-01,0.312,0.917
2017-01-02,0.327,0.961
2017-01-03,0.403,1.186
2017-01-04,0.418,1.229
2017-01-05,0.447,1.314
2017-01-06,0.47,1.38
2017-01-07,0.454,1.335
2017-01-08,0.478,1.406
2017-01-09,0.495,1.454
2017-01-10,0.468,1.375
2017-01-11,0.467,1.373
2017-01-12,0.596,1.752
2017-01-13,0.741,2.18
2017-01-14,0.69,2.03
2017-01-15,0.656,1.928
2017-01-16,0.685,2.015
2017-01-17,0.645,1.896
2017-01-18,0.582,1.712
2017-01-19,0.539,1.584
2017-01-20,0.508,1.495
2017-01-21,0.484,1.422
2017-01-22,0.463,1.361
2017-01-23,0.445,1.309
2017-01-24,0.43,1.264
2017-01-25,0.417,1.225
2017-01-26,0.405,1.191
2017-01-27,0.395,1.162
2017-01-28,0.386,1.135
2017-01-29,0.378,1.111
2017-01-30,0.394,1.159
2017-01-31,0.547,1.608
2017-02-01,0.789,2.32
2017-02-02,0.736,2.162
2017-02-03,0.625,1.838
2017-02-04,0.579,1.703
2017-02-05,0.545,1.602
2017-02-06,0.512,1.506
2017-02-07,0.487,1.431
2017-02-08,0.466,1.369
2017-02-09,0.448,1.316
2017-02-10,0.432,1.271
2017-02-11,0.419,1.232
2017-02-12,0.407,1.197
2017-02-13,0.397,1.167
2017-02-14,0.388,1.14
2017-02-15,0.379,1.115
2017-02-16,0.379,1.115
2017-02-17,0.446,1.312
2017-02-18,0.635,1.865
2017-02-19,0.617,1.815
2017-02-20,0.563,1.655
2017-02-21,0.683,2.007
2017-02-22,0.84,2.471
2017-02-23,0.763,2.242
2017-02-24,0.656,1.928
2017-02-25,0.598,1.758
2017-02-26,0.559,1.642
2017-02-27,0.539,1.585
2017-02-28,0.595,1.75
2017-03-01,0.698,2.052
2017-03-02,0.757,2.225
2017-03-03,0.684,2.012
2017-03-04,0.607,1.783
2017-03-05,0.578,1.698
2017-03-06,0.657,1.933
2017-03-07,0.801,2.355
2017-03-08,0.914,2.687
2017-03-09,1.345,3.954
2017-03-10,1.949,5.73
2017-03-11,1.551,4.56
2017-03-12,1.162,3.416
2017-03-13,0.956,2.81
2017-03-14,0.836,2.457
2017-03-15,0.748,2.199
2017-03-16,0.682,2.004
2017-03-17,0.629,1.85
2017-03-18,0.643,1.891
2017-03-19,0.872,2.563
2017-03-20,0.825,2.426
2017-03-21,0.715,2.103
2017-03-22,0.687,2.02
2017-03-23,0.652,1.916
2017-03-24,0.602,1.77
2017-03-25,0.562,1.653
2017-03-26,0.532,1.565
2017-03-27,0.508,1.492
2017-03-28,0.486,1.428
2017-03-29,0.467,1.372
2017-03-30,0.45,1.322
2017-03-31,0.434,1.277
2017-04-01,0.42,1.235
2017-04-02,0.408,1.198
2017-04-03,0.397,1.166
2017-04-04,0.41,1.207
2017-04-05,0.51,1.499
2017-04-06,0.505,1.483
2017-04-07,0.457,1.344
2017-04-08,0.43,1.265
2017-04-09,0.415,1.219
2017-04-10,0.4,1.176
2017-04-11,0.387,1.137
2017-04-12,0.375,1.102
2017-04-13,0.364,1.07
2017-04-14,0.354,1.04
2017-04-15,0.344,1.013
2017-04-16,0.356,1.046
2017-04-17,0.47,1.382
2017-04-18,0.645,1.897
2017-04-19,0.758,2.229
2017-04-20,0.744,2.186
2017-04-21,0.649,1.907
2017-04-22,0.573,1.685
2017-04-23,0.527,1.548
2017-04-24,0.492,1.447
2017-04-25,0.676,1.987
2017-04-26,2.263,6.653
2017-04-27,2.888,8.49
2017-04-28,3.389,9.963
2017-04-29,2.519,7.406
2017-04-30,1.707,5.017
2017-05-01,1.536,4.515
2017-05-02,2.623,7.71
2017-05-03,2.006,5.899
2017-05-04,1.42,4.175
2017-05-05,1.119,3.29
2017-05-06,0.955,2.807
2017-05-07,0.958,2.816
2017-05-08,1.6,4.704
2017-05-09,2.198,6.461
2017-05-10,1.692,4.975
2017-05-11,1.258,3.697
2017-05-12,1.03,3.028
2017-05-13,0.896,2.635
2017-05-14,0.801,2.355
2017-05-15,0.73,2.145
2017-05-16,0.673,1.98
2017-05-17,0.627,1.844
2017-05-18,0.588,1.73
2017-05-19,0.658,1.934
2017-05-20,1.174,3.451
2017-05-21,1.094,3.216
2017-05-22,0.875,2.571
2017-05-23,0.751,2.209
2017-05-24,0.681,2.002
2017-05-25,0.625,1.838
2017-05-26,0.58,1.706
2017-05-27,0.543,1.595
2017-05-28,0.51,1.5
2017-05-29,0.482,1.416
2017-05-30,0.47,1.381
2017-05-31,0.505,1.484
2017-06-01,0.486,1.429
2017-06-02,0.448,1.317
2017-06-03,0.463,1.36
2017-06-04,0.637,1.872
2017-06-05,0.619,1.82
2017-06-06,0.568,1.669
2017-06-07,0.674,1.98
2017-06-08,0.639,1.88
2017-06-09,0.564,1.659
2017-06-10,0.541,1.591
2017-06-11,0.507,1.492
2017-06-12,0.469,1.379
2017-06-13,0.44,1.292
2017-06-14,0.416,1.222
2017-06-15,0.395,1.16
2017-06-16,0.376,1.105
2017-06-17,0.359,1.055
2017-06-18,0.344,1.011
2017-06-19,0.33,0.97
2017-06-20,0.328,0.963
2017-06-21,0.361,1.061
2017-06-22,0.353,1.037
2017-06-23,0.325,0.955
2017-06-24,0.307,0.903
2017-06-25,0.295,0.868
2017-06-26,0.284,0.835
2017-06-27,0.274,0.806
2017-06-28,0.338,0.993
2017-06-29,0.732,2.153
2017-06-30,0.727,2.138
2017-07-01,0.568,1.67
2017-07-02,0.497,1.463
2017-07-03,0.5,1.471
2017-07-04,0.467,1.373
2017-07-05,0.423,1.244
2017-07-06,0.391,1.149
2017-07-07,0.366,1.076
2017-07-08,0.345,1.014
2017-07-09,0.339,0.997
2017-07-10,0.392,1.152
2017-07-11,0.445,1.309
2017-07-12,0.413,1.213
2017-07-13,0.366,1.076
2017-07-14,0.361,1.061
2017-07-15,0.436,1.281
2017-07-16,0.422,1.241
2017-07-17,0.372,1.093
2017-07-18,0.342,1.004
2017-07-19,0.322,0.948
2017-07-20,0.305,0.898
2017-07-21,0.291,0.854
2017-07-22,0.281,0.826
2017-07-23,0.285,0.837
2017-07-24,0.3,0.883
2017-07-25,0.471,1.385
2017-07-26,0.953,2.801
2017-07-27,1.495,4.396
2017-07-28,1.465,4.306
2017-07-29,1.107,3.256
2017-07-30,0.933,2.742
2017-07-31,1.11,3.263
2017-08-01,1.019,2.995
2017-08-02,1.064,3.127
2017-08-03,0.928,2.727
2017-08-04,0.847,2.49
2017-08-05,0.731,2.149
2017-08-06,0.629,1.85
2017-08-07,0.558,1.64
2017-08-08,0.558,1.641
2017-08-09,0.783,2.301
2017-08-10,0.85,2.499
2017-08-11,0.849,2.497
2017-08-12,0.765,2.248
2017-08-13,0.654,1.922
2017-08-14,0.572,1.683
2017-08-15,0.598,1.757
2017-08-16,0.957,2.813
2017-08-17,0.885,2.603
2017-08-18,0.764,2.246
2017-08-19,0.927,2.725
2017-08-20,0.836,2.457
2017-08-21,0.688,2.022
2017-08-22,0.597,1.755
2017-08-23,0.539,1.584
2017-08-24,0.492,1.446
2017-08-25,0.453,1.333
2017-08-26,0.421,1.238
2017-08-27,0.394,1.158
2017-08-28,0.371,1.09
2017-08-29,0.351,1.03
2017-08-30,0.333,0.978
2017-08-31,0.522,1.534
2017-09-01,2.243,6.593
2017-09-02,2.625,7.718
2017-09-03,1.768,5.197
2017-09-04,1.229,3.613
2017-09-05,0.973,2.861
2017-09-06,0.82,2.412
2017-09-07,0.712,2.094
2017-09-08,0.632,1.859
2017-09-09,0.638,1.875
2017-09-10,0.909,2.674
2017-09-11,0.841,2.473
2017-09-12,0.708,2.08
2017-09-13,0.697,2.049
2017-09-14,0.685,2.014
2017-09-15,0.83,2.44
2017-09-16,0.761,2.236
2017-09-17,0.653,1.919
2017-09-18,0.626,1.839
2017-09-19,0.598,1.757
2017-09-20,0.634,1.865
2017-09-21,0.59,1.736
2017-09-22,0.526,1.546
2017-09-23,0.483,1.419
2017-09-24,0.476,1.399
2017-09-25,0.555,1.633
2017-09-26,0.547,1.608
2017-09-27,0.552,1.623
2017-09-28,0.515,1.513
2017-09-29,0.467,1.373
2017-09-30,0.499,1.466
2017-10-01,0.795,2.337
2017-10-02,0.797,2.343
2017-10-03,0.886,2.605
2017-10-04,1.135,3.337
2017-10-05,1.001,2.944
2017-10-06,0.903,2.655
2017-10-07,0.925,2.719
2017-10-08,0.919,2.702
2017-10-09,0.799,2.35
2017-10-10,0.703,2.068
2017-10-11,0.632,1.857
2017-10-12,0.576,1.692
2017-10-13,0.532,1.564
2017-10-14,0.497,1.461
2017-10-15,0.468,1.375
2017-10-16,0.443,1.302
2017-10-17,0.421,1.239
2017-10-18,0.403,1.184
2017-10-19,0.386,1.136
2017-10-20,0.372,1.094
2017-10-21,0.395,1.162
2017-10-22,0.555,1.632
2017-10-23,0.553,1.624
2017-10-24,0.499,1.466
2017-10-25,0.46,1.352
2017-10-26,0.432,1.269
2017-10-27,0.413,1.213
2017-10-28,0.411,1.209
2017-10-29,0.456,1.342
2017-10-30,0.647,1.903
2017-10-31,0.626,1.839
2017-11-01,0.534,1.571
2017-11-02,0.485,1.425
2017-11-03,0.457,1.342
2017-11-04,0.433,1.272
2017-11-05,0.46,1.352
2017-11-06,0.676,1.987
2017-11-07,0.695,2.044
2017-11-08,0.672,1.977
2017-11-09,0.612,1.8
2017-11-10,0.577,1.696
2017-11-11,0.769,2.262
2017-11-12,1.552,4.562
2017-11-13,2.4,7.056
2017-11-14,1.807,5.313
2017-11-15,1.287,3.782
2017-11-16,1.023,3.007
2017-11-17,0.875,2.574
2017-11-18,0.799,2.349
2017-11-19,0.847,2.489
2017-11-20,0.828,2.434
2017-11-21,0.812,2.387
2017-11-22,0.762,2.24
2017-11-23,0.685,2.013
2017-11-24,0.623,1.831
2017-11-25,0.651,1.915
2017-11-26,0.973,2.862
2017-11-27,0.937,2.754
2017-11-28,0.802,2.359
2017-11-29,0.809,2.377
2017-11-30,0.843,2.479
2017-12-01,0.822,2.418
2017-12-02,0.737,2.165
2017-12-03,0.687,2.019
2017-12-04,0.748,2.199
2017-12-05,0.728,2.141
2017-12-06,0.659,1.937
2017-12-07,0.632,1.857
2017-12-08,0.747,2.196
2017-12-09,0.871,2.561
2017-12-10,0.91,2.675
2017-12-11,1.486,4.37
2017-12-12,1.691,4.972
2017-12-13,1.41,4.146
2017-12-14,1.479,4.348
2017-12-15,1.459,4.29
2017-12-16,1.221,3.59
2017-12-17,1.106,3.252
2017-12-18,0.969,2.849
2017-12-19,0.864,2.539
2017-12-20,0.803,2.362
2017-12-21,0.782,2.299
2017-12-22,0.934,2.744
2017-12-23,0.993,2.918
2017-12-24,0.882,2.592
2017-12-25,0.779,2.29
2017-12-26,0.717,2.108
2017-12-27,0.737,2.166
2017-12-28,1.072,3.152
2017-12-29,1.345,3.954
2017-12-30,1.27,3.733
2017-12-31,1.157,3.402
2018-01-01,1.013,2.977
2018-01-02,0.92,2.704
2018-01-03,1.101,3.236
2018-01-04,2.212,6.503
2018-01-05,4.146,12.188
2018-01-06,3.569,10.491
2018-01-07,2.289,6.729
2018-01-08,1.625,4.777
2018-01-09,1.31,3.85
2018-01-10,1.128,3.315
2018-01-11,1.005,2.954
2018-01-12,0.917,2.697
2018-01-13,0.852,2.506
2018-01-14,0.803,2.361
2018-01-15,0.775,2.277
2018-01-16,0.897,2.636
2018-01-17,1.498,4.405
2018-01-18,1.935,5.689
2018-01-19,2.739,8.053
2018-01-20,2.514,7.392
2018-01-21,3.32,9.762
2018-01-22,3.657,10.752
2018-01-23,3.937,11.573
2018-01-24,2.601,7.648
2018-01-25,1.833,5.39
2018-01-26,1.467,4.312
2018-01-27,1.269,3.731
2018-01-28,1.139,3.347
2018-01-29,1.047,3.078
2018-01-30,0.98,2.881
2018-01-31,1.009,2.965
2018-02-01,1.4,4.117
2018-02-02,1.538,4.52
2018-02-03,1.34,3.94
2018-02-04,1.223,3.597
2018-02-05,1.111,3.265
2018-02-06,1.021,3.002
2018-02-07,1.05,3.086
2018-02-08,1.442,4.239
2018-02-09,1.333,3.918
2018-02-10,1.145,3.366
2018-02-11,1.063,3.126
2018-02-12,1.115,3.277
2018-02-13,1.051,3.088
2018-02-14,0.971,2.853
2018-02-15,1.061,3.119
2018-02-16,1.797,5.282
2018-02-17,2.135,6.278
2018-02-18,4.053,11.916
2018-02-19,2.836,8.338
2018-02-20,1.952,5.738
2018-02-21,1.54,4.529
2018-02-22,1.333,3.919
2018-02-23,1.197,3.519
2018-02-24,1.103,3.242
2018-02-25,1.035,3.041
2018-02-26,0.983,2.891
2018-02-27,0.944,2.775
2018-02-28,0.913,2.683
2018-03-01,0.888,2.61
2018-03-02,0.867,2.549
2018-03-03,0.853,2.507
2018-03-04,0.85,2.499
2018-03-05,0.836,2.458
2018-03-06,0.82,2.411
2018-03-07,0.806,2.371
2018-03-08,0.795,2.336
2018-03-09,0.783,2.303
2018-03-10,0.773,2.272
2018-03-11,0.805,2.365
2018-03-12,0.989,2.908
2018-03-13,0.977,2.872
2018-03-14,0.947,2.783
2018-03-15,0.897,2.638
2018-03-16,0.853,2.508
2018-03-17,0.86,2.527
2018-03-18,1.012,2.975
2018-03-19,0.976,2.868
2018-03-20,0.904,2.658
2018-03-21,0.89,2.616
2018-03-22,0.856,2.516
2018-03-23,0.818,2.406
2018-03-24,0.79,2.324
2018-03-25,0.768,2.258
2018-03-26,0.748,2.199
2018-03-27,0.747,2.196
2018-03-28,0.845,2.483
2018-03-29,1.014,2.981
2018-03-30,0.96,2.823
2018-03-31,0.87,2.558
2018-04-01,0.817,2.403
2018-04-02,0.783,2.303
2018-04-03,0.754,2.217
2018-04-04,0.728,2.141
2018-04-05,0.705,2.074
2018-04-06,0.686,2.017
2018-04-07,0.669,1.966
2018-04-08,0.652,1.917
2018-04-09,0.636,1.87
2018-04-10,0.658,1.935
2018-04-11,0.818,2.405
2018-04-12,0.798,2.346
2018-04-13,0.724,2.13
2018-04-14,0.68,2
2018-04-15,0.652,1.917
2018-04-16,0.628,1.847
2018-04-17,0.608,1.788
2018-04-18,0.589,1.733
2018-04-19,0.572,1.681
2018-04-20,0.555,1.632
2018-04-21,0.539,1.585
2018-04-22,0.524,1.539
2018-04-23,0.514,1.511
2018-04-24,0.523,1.537
2018-04-25,0.511,1.503
2018-04-26,0.492,1.447
2018-04-27,0.478,1.404
2018-04-28,0.465,1.368
2018-04-29,0.453,1.332
2018-04-30,0.442,1.299
2018-05-01,0.431,1.268
2018-05-02,0.421,1.238
2018-05-03,0.412,1.211
2018-05-04,0.403,1.184
2018-05-05,0.394,1.158
2018-05-06,0.385,1.133
2018-05-07,0.377,1.108
2018-05-08,0.368,1.083
2018-05-09,0.36,1.058
2018-05-10,0.354,1.04
2018-05-11,0.354,1.042
2018-05-12,0.348,1.023
2018-05-13,0.35,1.029
2018-05-14,0.415,1.22
2018-05-15,0.511,1.503
2018-05-16,0.721,2.121
2018-05-17,1.612,4.739
2018-05-18,1.415,4.159
2018-05-19,1.227,3.607
2018-05-20,1.941,5.708
2018-05-21,1.591,4.677
2018-05-22,1.174,3.45
2018-05-23,1.092,3.211
2018-05-24,1.735,5.1
2018-05-25,1.736,5.105
2018-05-26,1.321,3.882
2018-05-27,1.031,3.031
2018-05-28,0.87,2.559
2018-05-29,0.764,2.247
2018-05-30,0.796,2.341
2018-05-31,1.297,3.814
2018-06-01,1.163,3.42
2018-06-02,0.916,2.692
2018-06-03,0.774,2.276
2018-06-04,0.691,2.031
2018-06-05,0.626,1.839
2018-06-06,0.574,1.686
2018-06-07,0.531,1.561
2018-06-08,0.521,1.533
2018-06-09,0.607,1.784
2018-06-10,0.579,1.701
2018-06-11,0.539,1.584
2018-06-12,0.825,2.425
2018-06-13,2.164,6.361
2018-06-14,1.789,5.259
2018-06-15,1.252,3.681
2018-06-16,0.979,2.877
2018-06-17,0.835,2.455
2018-06-18,0.732,2.152
2018-06-19,0.655,1.925
2018-06-20,0.594,1.746
2018-06-21,0.545,1.602
2018-06-22,0.505,1.483
2018-06-23,0.471,1.385
2018-06-24,0.442,1.301
2018-06-25,0.418,1.229
2018-06-26,0.397,1.166
2018-06-27,0.378,1.11
2018-06-28,0.394,1.157
2018-06-29,0.534,1.57
2018-06-30,0.523,1.537
2018-07-01,0.451,1.326
2018-07-02,0.411,1.208
2018-07-03,0.387,1.138
2018-07-04,0.366,1.077
2018-07-05,0.375,1.103
2018-07-06,0.577,1.697
2018-07-07,1.068,3.139
2018-07-08,0.964,2.835
2018-07-09,0.743,2.184
2018-07-10,0.626,1.841
2018-07-11,0.561,1.648
2018-07-12,0.509,1.496
2018-07-13,0.467,1.372
2018-07-14,0.431,1.268
2018-07-15,0.402,1.181
2018-07-16,0.379,1.114
2018-07-17,0.368,1.081
2018-07-18,0.35,1.028
2018-07-19,0.329,0.968
2018-07-20,0.313,0.919
2018-07-21,0.354,1.042
2018-07-22,0.673,1.979
2018-07-23,0.87,2.556
2018-07-24,0.733,2.154
2018-07-25,0.592,1.741
2018-07-26,0.52,1.528
2018-07-27,0.472,1.388
2018-07-28,0.433,1.274
2018-07-29,0.401,1.178
2018-07-30,0.373,1.096
2018-07-31,0.349,1.026
2018-08-01,0.328,0.964
2018-08-02,0.309,0.909
2018-08-03,0.293,0.861
2018-08-04,0.278,0.818
2018-08-05,0.265,0.779
2018-08-06,0.253,0.744
2018-08-07,0.242,0.712
2018-08-08,0.232,0.683
2018-08-09,0.223,0.657
2018-08-10,0.215,0.632
2018-08-11,0.207,0.61
2018-08-12,0.2,0.589
2018-08-13,0.194,0.569
2018-08-14,0.187,0.551
2018-08-15,0.182,0.534
2018-08-16,0.176,0.518
2018-08-17,0.171,0.502
2018-08-18,0.166,0.488
2018-08-19,0.161,0.475
2018-08-20,0.157,0.462
2018-08-21,0.153,0.449
2018-08-22,0.149,0.437
2018-08-23,0.151,0.445
2018-08-24,0.181,0.532
2018-08-25,0.205,0.602
2018-08-26,0.201,0.592
2018-08-27,0.184,0.541
2018-08-28,0.171,0.503
2018-08-29,0.173,0.508
2018-08-30,0.204,0.6
2018-08-31,0.206,0.606
2018-09-01,0.204,0.6
2018-09-02,0.224,0.659
2018-09-03,0.215,0.633
2018-09-04,0.195,0.573
2018-09-05,0.184,0.541
2018-09-06,0.178,0.522
2018-09-07,0.172,0.505
2018-09-08,0.166,0.489
2018-09-09,0.161,0.474
2018-09-10,0.156,0.46
2018-09-11,0.152,0.446
2018-09-12,0.148,0.434
2018-09-13,0.159,0.468
2018-09-14,0.224,0.66
2018-09-15,0.228,0.67
2018-09-16,0.192,0.565
2018-09-17,0.176,0.518
2018-09-18,0.17,0.5
2018-09-19,0.164,0.483
2018-09-20,0.159,0.468
2018-09-21,0.154,0.453
2018-09-22,0.152,0.448
2018-09-23,0.178,0.524
2018-09-24,0.258,0.758
2018-09-25,0.256,0.752
2018-09-26,0.212,0.624
2018-09-27,0.193,0.569
2018-09-28,0.186,0.546
2018-09-29,0.179,0.525
2018-09-30,0.197,0.58
2018-10-01,0.313,0.92
2018-10-02,0.335,0.986
2018-10-03,0.279,0.822
2018-10-04,0.246,0.722
2018-10-05,0.231,0.679
2018-10-06,0.22,0.647
2018-10-07,0.21,0.617
2018-10-08,0.201,0.59
2018-10-09,0.193,0.566
2018-10-10,0.185,0.544
2018-10-11,0.178,0.524
2018-10-12,0.172,0.505
2018-10-13,0.166,0.488
2018-10-14,0.161,0.472
2018-10-15,0.155,0.457
2018-10-16,0.151,0.443
2018-10-17,0.146,0.43
2018-10-18,0.142,0.418
2018-10-19,0.138,0.407
2018-10-20,0.135,0.396
2018-10-21,0.131,0.386
2018-10-22,0.128,0.377
2018-10-23,0.125,0.368
2018-10-24,0.122,0.359
2018-10-25,0.119,0.351
2018-10-26,0.12,0.353
2018-10-27,0.178,0.524
2018-10-28,0.441,1.298
2018-10-29,0.506,1.487
2018-10-30,0.397,1.167
2018-10-31,0.328,0.965
2018-11-01,0.3,0.883
2018-11-02,0.281,0.826
2018-11-03,0.264,0.777
2018-11-04,0.25,0.735
2018-11-05,0.237,0.697
2018-11-06,0.226,0.664
2018-11-07,0.216,0.634
2018-11-08,0.206,0.607
2018-11-09,0.198,0.582
2018-11-10,0.191,0.56
2018-11-11,0.184,0.54
2018-11-12,0.177,0.522
2018-11-13,0.172,0.504
2018-11-14,0.166,0.489
2018-11-15,0.161,0.474
2018-11-16,0.157,0.461
2018-11-17,0.153,0.448
2018-11-18,0.149,0.437
2018-11-19,0.145,0.426
2018-11-20,0.141,0.416
2018-11-21,0.138,0.406
2018-11-22,0.135,0.397
2018-11-23,0.133,0.391
2018-11-24,0.134,0.393
2018-11-25,0.133,0.391
2018-11-26,0.147,0.433
2018-11-27,0.199,0.586
2018-11-28,0.207,0.608
2018-11-29,0.179,0.525
2018-11-30,0.168,0.495
2018-12-01,0.185,0.543
2018-12-02,0.192,0.566
2018-12-03,0.23,0.675
2018-12-04,0.271,0.797
2018-12-05,0.268,0.789
2018-12-06,0.26,0.763
2018-12-07,0.245,0.721
2018-12-08,0.256,0.754
2018-12-09,0.341,1.002
2018-12-10,0.419,1.231
2018-12-11,0.417,1.226
2018-12-12,0.374,1.099
2018-12-13,0.336,0.987
2018-12-14,0.309,0.909
2018-12-15,0.29,0.852
2018-12-16,0.281,0.828
2018-12-17,0.299,0.879
2018-12-18,0.289,0.848
2018-12-19,0.275,0.808
2018-12-20,0.304,0.893
2018-12-21,0.315,0.927
2018-12-22,0.391,1.15
2018-12-23,0.515,1.515
2018-12-24,0.825,2.426
2018-12-25,0.777,2.285
2018-12-26,0.614,1.806
2018-12-27,0.521,1.531
2018-12-28,0.469,1.379
2018-12-29,0.429,1.26
2018-12-30,0.403,1.183
2018-12-31,0.41,1.206
2019-01-01,0.429,1.262
2019-01-02,0.444,1.305
2019-01-03,0.422,1.242
2019-01-04,0.392,1.152
2019-01-05,0.458,1.348
2019-01-06,0.91,2.677
2019-01-07,1.001,2.943
2019-01-08,0.905,2.662
2019-01-09,0.96,2.821
2019-01-10,1.253,3.684
2019-01-11,1.238,3.641
2019-01-12,1.148,3.374
2019-01-13,1.328,3.903
2019-01-14,1.853,5.448
2019-01-15,1.557,4.577
2019-01-16,1.153,3.389
2019-01-17,0.919,2.701
2019-01-18,0.797,2.343
2019-01-19,0.7,2.058
2019-01-20,0.623,1.832
2019-01-21,0.565,1.662
2019-01-22,0.52,1.529
2019-01-23,0.484,1.422
2019-01-24,0.455,1.337
2019-01-25,0.439,1.291
2019-01-26,0.433,1.273
2019-01-27,0.413,1.215
2019-01-28,0.391,1.15
2019-01-29,0.375,1.102
2019-01-30,0.361,1.063
2019-01-31,0.349,1.026
2019-02-01,0.351,1.031
2019-02-02,0.398,1.17
2019-02-03,0.445,1.307
2019-02-04,0.631,1.855
2019-02-05,0.611,1.797
2019-02-06,0.52,1.528
2019-02-07,0.501,1.474
2019-02-08,0.613,1.802
2019-02-09,0.587,1.727
2019-02-10,0.534,1.569
2019-02-11,0.568,1.67
2019-02-12,0.549,1.615
2019-02-13,0.499,1.466
2019-02-14,0.462,1.358
2019-02-15,0.437,1.284
2019-02-16,0.416,1.223
2019-02-17,0.398,1.17
2019-02-18,0.382,1.123
2019-02-19,0.368,1.082
2019-02-20,0.356,1.046
2019-02-21,0.345,1.014
2019-02-22,0.335,0.985
2019-02-23,0.326,0.959
2019-02-24,0.318,0.935
2019-02-25,0.311,0.913
2019-02-26,0.304,0.893
2019-02-27,0.297,0.874
2019-02-28,0.291,0.857
2019-03-01,0.305,0.898
2019-03-02,0.39,1.145
2019-03-03,0.39,1.148
2019-03-04,0.354,1.041
2019-03-05,0.351,1.032
2019-03-06,0.363,1.067
2019-03-07,0.351,1.031
2019-03-08,0.333,0.978
2019-03-09,0.326,0.958
2019-03-10,0.351,1.03
2019-03-11,0.405,1.19
2019-03-12,0.448,1.318
2019-03-13,0.424,1.248
2019-03-14,0.429,1.261
2019-03-15,0.664,1.951
2019-03-16,1.348,3.964
2019-03-17,1.217,3.576
2019-03-18,1,2.941
2019-03-19,0.834,2.452
2019-03-20,0.721,2.118
2019-03-21,0.641,1.885
2019-03-22,0.583,1.714
2019-03-23,0.537,1.578
2019-03-24,0.499,1.466
2019-03-25,0.474,1.395
2019-03-26,0.479,1.409
2019-03-27,0.457,1.344
2019-03-28,0.426,1.253
2019-03-29,0.404,1.187
2019-03-30,0.386,1.135
2019-03-31,0.37,1.089
2019-04-01,0.356,1.048
2019-04-02,0.344,1.01
2019-04-03,0.332,0.976
2019-04-04,0.322,0.945
2019-04-05,0.312,0.918
2019-04-06,0.304,0.892
2019-04-07,0.296,0.869
2019-04-08,0.288,0.848
2019-04-09,0.329,0.967
2019-04-10,0.562,1.653
2019-04-11,0.565,1.661
2019-04-12,0.469,1.38
2019-04-13,0.422,1.24
2019-04-14,0.399,1.173
2019-04-15,0.379,1.115
2019-04-16,0.362,1.064
2019-04-17,0.346,1.018
2019-04-18,0.332,0.977
2019-04-19,0.32,0.94
2019-04-20,0.308,0.905
2019-04-21,0.297,0.874
2019-04-22,0.287,0.844
2019-04-23,0.278,0.817
2019-04-24,0.269,0.791
2019-04-25,0.261,0.767
2019-04-26,0.261,0.766
2019-04-27,0.288,0.848
2019-04-28,0.297,0.874
2019-04-29,0.286,0.841
2019-04-30,0.301,0.884
2019-05-01,0.294,0.863
2019-05-02,0.282,0.828
2019-05-03,0.315,0.925
2019-05-04,0.387,1.138
2019-05-05,0.48,1.411
2019-05-06,0.449,1.319
2019-05-07,0.388,1.14
2019-05-08,0.356,1.047
2019-05-09,0.337,0.991
2019-05-10,0.324,0.954
2019-05-11,0.345,1.016
2019-05-12,0.429,1.261
2019-05-13,0.44,1.294
2019-05-14,0.392,1.154
2019-05-15,0.356,1.046
2019-05-16,0.335,0.984
2019-05-17,0.323,0.949
2019-05-18,0.327,0.961
2019-05-19,0.339,0.996
2019-05-20,0.6,1.763
2019-05-21,2.069,6.083
2019-05-22,3.661,10.764
2019-05-23,2.394,7.038
2019-05-24,1.529,4.495
2019-05-25,1.134,3.334
2019-05-26,0.927,2.725
2019-05-27,0.812,2.388
2019-05-28,0.864,2.539
2019-05-29,0.982,2.886
2019-05-30,0.855,2.514
2019-05-31,0.71,2.088
2019-06-01,0.621,1.825
2019-06-02,0.56,1.647
2019-06-03,0.512,1.504
2019-06-04,0.471,1.385
2019-06-05,0.437,1.285
2019-06-06,0.408,1.2
2019-06-07,0.383,1.127
2019-06-08,0.362,1.063
2019-06-09,0.342,1.007
2019-06-10,0.362,1.065
2019-06-11,0.523,1.539
2019-06-12,0.513,1.509
2019-06-13,0.433,1.274
2019-06-14,0.39,1.147
2019-06-15,0.436,1.283
2019-06-16,0.782,2.299
2019-06-17,0.752,2.21
2019-06-18,0.597,1.755
2019-06-19,0.513,1.507
2019-06-20,0.467,1.372
2019-06-21,0.429,1.261
2019-06-22,0.496,1.457
2019-06-23,1.007,2.959
2019-06-24,0.944,2.776
2019-06-25,0.723,2.126
2019-06-26,0.603,1.772
2019-06-27,0.537,1.578
2019-06-28,0.484,1.424
2019-06-29,0.442,1.299
2019-06-30,0.406,1.194
2019-07-01,0.458,1.345
2019-07-02,0.863,2.536
2019-07-03,0.819,2.407
2019-07-04,0.637,1.871
2019-07-05,0.538,1.58
2019-07-06,0.483,1.421
2019-07-07,0.448,1.317
2019-07-08,0.447,1.314
2019-07-09,0.417,1.226
2019-07-10,0.378,1.112
2019-07-11,0.355,1.043
2019-07-12,0.387,1.137
2019-07-13,0.517,1.521
2019-07-14,0.493,1.449
2019-07-15,0.416,1.224
2019-07-16,0.373,1.098
2019-07-17,0.348,1.023
2019-07-18,0.326,0.957
2019-07-19,0.306,0.9
2019-07-20,0.289,0.85
2019-07-21,0.277,0.815
2019-07-22,0.276,0.81
2019-07-23,0.264,0.777
2019-07-24,0.248,0.73
2019-07-25,0.236,0.694
2019-07-26,0.228,0.671
2019-07-27,0.229,0.674
2019-07-28,0.248,0.729
2019-07-29,0.334,0.982
2019-07-30,0.356,1.046
2019-07-31,0.428,1.257
2019-08-01,0.408,1.198
2019-08-02,0.347,1.02
2019-08-03,0.314,0.922
2019-08-04,0.295,0.866
2019-08-05,0.278,0.817
2019-08-06,0.263,0.773
2019-08-07,0.276,0.811
2019-08-08,0.384,1.13
2019-08-09,0.38,1.116
2019-08-10,0.333,0.978
2019-08-11,0.37,1.089
2019-08-12,0.473,1.389
2019-08-13,0.646,1.898
2019-08-14,0.589,1.731
2019-08-15,0.486,1.429
2019-08-16,0.454,1.335
2019-08-17,0.419,1.231
2019-08-18,0.437,1.284
2019-08-19,0.694,2.042
2019-08-20,0.784,2.303
2019-08-21,1.162,3.417
2019-08-22,1.013,2.978
2019-08-23,0.776,2.28
2019-08-24,0.642,1.886
2019-08-25,0.564,1.657
2019-08-26,0.503,1.479
2019-08-27,0.455,1.337
2019-08-28,0.415,1.221
2019-08-29,0.39,1.148
2019-08-30,0.395,1.161
2019-08-31,0.372,1.093
2019-09-01,0.349,1.026
2019-09-02,0.368,1.081
2019-09-03,0.351,1.032
2019-09-04,0.318,0.935
2019-09-05,0.299,0.88
2019-09-06,0.302,0.887
2019-09-07,0.31,0.911
2019-09-08,0.304,0.893
2019-09-09,0.298,0.875
2019-09-10,0.281,0.827
2019-09-11,0.263,0.773
2019-09-12,0.25,0.734
2019-09-13,0.239,0.703
2019-09-14,0.23,0.675
2019-09-15,0.221,0.649
2019-09-16,0.213,0.626
2019-09-17,0.205,0.604
2019-09-18,0.199,0.584
2019-09-19,0.192,0.565
2019-09-20,0.186,0.548
2019-09-21,0.181,0.532
2019-09-22,0.189,0.557
2019-09-23,0.264,0.775
2019-09-24,0.35,1.03
2019-09-25,0.325,0.955
2019-09-26,0.274,0.807
2019-09-27,0.283,0.833
2019-09-28,0.418,1.229
2019-09-29,0.414,1.218
2019-09-30,0.346,1.017
2019-10-01,0.322,0.946
2019-10-02,0.379,1.115
2019-10-03,0.494,1.451
2019-10-04,0.463,1.36
2019-10-05,0.403,1.186
2019-10-06,0.435,1.279
2019-10-07,0.536,1.575
2019-10-08,0.515,1.514
2019-10-09,0.563,1.655
2019-10-10,0.732,2.152
2019-10-11,0.673,1.979
2019-10-12,0.555,1.63
2019-10-13,0.484,1.423
2019-10-14,0.44,1.295
2019-10-15,0.411,1.208
2019-10-16,0.405,1.191
2019-10-17,0.381,1.119
2019-10-18,0.35,1.029
2019-10-19,0.328,0.963
2019-10-20,0.312,0.917
2019-10-21,0.296,0.872
2019-10-22,0.282,0.829
2019-10-23,0.269,0.792
2019-10-24,0.258,0.759
2019-10-25,0.248,0.73
2019-10-26,0.239,0.704
2019-10-27,0.236,0.695
2019-10-28,0.257,0.755
2019-10-29,0.287,0.844
2019-10-30,0.333,0.979
2019-10-31,0.355,1.045
2019-11-01,0.336,0.987
2019-11-02,0.354,1.039
2019-11-03,0.382,1.124
2019-11-04,0.452,1.328
2019-11-05,0.499,1.466
2019-11-06,0.454,1.336
2019-11-07,0.419,1.233
2019-11-08,0.397,1.166
2019-11-09,0.379,1.114
2019-11-10,0.355,1.044
2019-11-11,0.338,0.992
2019-11-12,0.343,1.008
2019-11-13,0.329,0.968
2019-11-14,0.307,0.903
2019-11-15,0.318,0.935
2019-11-16,0.43,1.263
2019-11-17,0.424,1.246
2019-11-18,0.366,1.075
2019-11-19,0.335,0.985
2019-11-20,0.318,0.936
2019-11-21,0.304,0.893
2019-11-22,0.291,0.856
2019-11-23,0.28,0.822
2019-11-24,0.27,0.793
2019-11-25,0.261,0.766
2019-11-26,0.252,0.742
2019-11-27,0.247,0.727
2019-11-28,0.258,0.758
2019-11-29,0.304,0.895
2019-11-30,0.376,1.106
2019-12-01,0.36,1.057
2019-12-02,0.317,0.931
2019-12-03,0.296,0.869
2019-12-04,0.284,0.836
2019-12-05,0.274,0.806
2019-12-06,0.267,0.785
2019-12-07,0.268,0.787
2019-12-08,0.263,0.772
2019-12-09,0.266,0.781
2019-12-10,0.287,0.843
2019-12-11,0.283,0.832
2019-12-12,0.281,0.826
2019-12-13,0.291,0.857
2019-12-14,0.342,1.005
2019-12-15,0.352,1.036
2019-12-16,0.327,0.96
2019-12-17,0.303,0.892
2019-12-18,0.289,0.849
2019-12-19,0.278,0.819
2019-12-20,0.283,0.832
2019-12-21,0.336,0.987
2019-12-22,0.333,0.978
2019-12-23,0.318,0.934
2019-12-24,0.384,1.128
2019-12-25,0.455,1.338
2019-12-26,0.497,1.461
2019-12-27,0.503,1.478
2019-12-28,0.504,1.48
2019-12-29,0.461,1.355
2019-12-30,0.416,1.224
2019-12-31,0.388,1.139
2020-01-01,0.367,1.078
2020-01-02,0.349,1.025
2020-01-03,0.336,0.987
2020-01-04,0.333,0.98
2020-01-05,0.322,0.947
2020-01-06,0.307,0.902
2020-01-07,0.295,0.869
2020-01-08,0.286,0.841
2020-01-09,0.278,0.817
2020-01-10,0.27,0.795
2020-01-11,0.263,0.774
2020-01-12,0.257,0.756
2020-01-13,0.251,0.739
2020-01-14,0.246,0.724
2020-01-15,0.241,0.71
2020-01-16,0.237,0.696
2020-01-17,0.249,0.731
2020-01-18,0.318,0.935
2020-01-19,0.336,0.987
2020-01-20,0.342,1.006
2020-01-21,0.326,0.96
2020-01-22,0.303,0.89
2020-01-23,0.289,0.85
2020-01-24,0.281,0.825
2020-01-25,0.273,0.802
2020-01-26,0.267,0.784
2020-01-27,0.267,0.786
2020-01-28,0.293,0.862
2020-01-29,0.372,1.092
2020-01-30,0.384,1.128
2020-01-31,0.39,1.146
2020-02-01,0.39,1.146
2020-02-02,0.613,1.802
2020-02-03,1.854,5.451
2020-02-04,2.867,8.427
2020-02-05,2.12,6.233
2020-02-06,1.441,4.237
2020-02-07,1.096,3.222
2020-02-08,0.909,2.672
2020-02-09,0.784,2.305
2020-02-10,0.798,2.347
2020-02-11,1.27,3.734
2020-02-12,1.227,3.606
2020-02-13,0.998,2.934
2020-02-14,0.931,2.737
2020-02-15,0.821,2.412
2020-02-16,0.714,2.099
2020-02-17,0.659,1.936
2020-02-18,0.682,2.004
2020-02-19,0.637,1.873
2020-02-20,0.583,1.714
2020-02-21,0.543,1.597
2020-02-22,0.524,1.54
2020-02-23,0.591,1.738
2020-02-24,0.728,2.14
2020-02-25,0.691,2.032
2020-02-26,0.661,1.944
2020-02-27,0.69,2.029
2020-02-28,0.912,2.682
2020-02-29,0.882,2.593
2020-03-01,0.924,2.715
2020-03-02,0.892,2.623
2020-03-03,0.852,2.504
2020-03-04,0.756,2.223
2020-03-05,0.74,2.175
2020-03-06,1.008,2.964
2020-03-07,0.972,2.857
2020-03-08,0.817,2.4
2020-03-09,0.734,2.157
2020-03-10,0.786,2.311
2020-03-11,0.897,2.637
2020-03-12,0.814,2.392
2020-03-13,0.706,2.077
2020-03-14,0.641,1.883
2020-03-15,0.596,1.752
2020-03-16,0.56,1.645
2020-03-17,0.529,1.556
2020-03-18,0.503,1.48
2020-03-19,0.481,1.415
2020-03-20,0.465,1.367
2020-03-21,0.52,1.528
2020-03-22,0.791,2.325
2020-03-23,0.764,2.247
2020-03-24,0.647,1.902
2020-03-25,0.583,1.713
2020-03-26,0.546,1.606
2020-03-27,0.516,1.518
2020-03-28,0.491,1.442
2020-03-29,0.496,1.458
2020-03-30,0.602,1.77
2020-03-31,0.585,1.719
2020-04-01,0.524,1.542
2020-04-02,0.488,1.436
2020-04-03,0.465,1.368
2020-04-04,0.446,1.31
2020-04-05,0.428,1.258
2020-04-06,0.412,1.212
2020-04-07,0.398,1.169
2020-04-08,0.385,1.131
2020-04-09,0.372,1.095
2020-04-10,0.361,1.062
2020-04-11,0.351,1.031
2020-04-12,0.341,1.002
2020-04-13,0.331,0.974
2020-04-14,0.323,0.949
2020-04-15,0.315,0.925
2020-04-16,0.307,0.903
2020-04-17,0.3,0.881
2020-04-18,0.293,0.86
2020-04-19,0.286,0.84
2020-04-20,0.279,0.821
2020-04-21,0.273,0.803
2020-04-22,0.267,0.785
2020-04-23,0.261,0.768
2020-04-24,0.256,0.752
2020-04-25,0.25,0.735
2020-04-26,0.245,0.72
2020-04-27,0.24,0.704
2020-04-28,0.267,0.785
2020-04-29,0.432,1.27
2020-04-30,0.493,1.451
2020-05-01,0.431,1.267
2020-05-02,0.381,1.121
2020-05-03,0.368,1.081
2020-05-04,0.351,1.032
2020-05-05,0.332,0.976
2020-05-06,0.317,0.932
2020-05-07,0.304,0.894
2020-05-08,0.293,0.86
2020-05-09,0.282,0.828
2020-05-10,0.272,0.799
2020-05-11,0.284,0.836
2020-05-12,0.376,1.105
2020-05-13,0.398,1.17
2020-05-14,0.458,1.347
2020-05-15,0.437,1.284
2020-05-16,0.382,1.124
2020-05-17,0.351,1.032
2020-05-18,0.332,0.976
2020-05-19,0.315,0.926
2020-05-20,0.3,0.881
2020-05-21,0.286,0.841
2020-05-22,0.274,0.805
2020-05-23,0.291,0.856
2020-05-24,0.416,1.222
2020-05-25,0.413,1.213
2020-05-26,0.35,1.03
2020-05-27,0.318,0.935
2020-05-28,0.301,0.885
2020-05-29,0.286,0.84
2020-05-30,0.272,0.801
2020-05-31,0.26,0.765
2020-06-01,0.249,0.732
2020-06-02,0.239,0.702
2020-06-03,0.23,0.675
2020-06-04,0.221,0.649
2020-06-05,0.213,0.627
2020-06-06,0.222,0.653
2020-06-07,0.321,0.942
2020-06-08,0.519,1.525
2020-06-09,0.5,1.471
2020-06-10,0.44,1.295
2020-06-11,0.396,1.163
2020-06-12,0.359,1.055
2020-06-13,0.472,1.388
2020-06-14,1.44,4.235
2020-06-15,1.88,5.525
2020-06-16,1.973,5.8
2020-06-17,1.487,4.372
2020-06-18,1.372,4.034
2020-06-19,1.769,5.199
2020-06-20,1.969,5.788
2020-06-21,1.47,4.321
2020-06-22,1.086,3.191
2020-06-23,0.877,2.577
2020-06-24,0.748,2.198
2020-06-25,0.654,1.922
2020-06-26,0.582,1.712
2020-06-27,0.526,1.546
2020-06-28,0.52,1.528
2020-06-29,0.663,1.949
2020-06-30,0.625,1.837
2020-07-01,0.595,1.75
2020-07-02,0.892,2.621
2020-07-03,1.013,2.979
2020-07-04,0.84,2.47
2020-07-05,0.685,2.015
2020-07-06,0.598,1.758
2020-07-07,0.538,1.582
2020-07-08,0.49,1.441
2020-07-09,0.451,1.325
2020-07-10,0.418,1.228
2020-07-11,0.39,1.147
2020-07-12,0.367,1.078
2020-07-13,0.346,1.017
2020-07-14,0.328,0.963
2020-07-15,0.318,0.936
2020-07-16,0.366,1.077
2020-07-17,0.506,1.488
2020-07-18,0.486,1.428
2020-07-19,0.411,1.209
2020-07-20,0.371,1.092
2020-07-21,0.353,1.039
2020-07-22,0.355,1.042
2020-07-23,0.348,1.022
2020-07-24,0.366,1.075
2020-07-25,0.35,1.028
2020-07-26,0.338,0.993
2020-07-27,0.4,1.175
2020-07-28,0.388,1.141
2020-07-29,0.343,1.008
2020-07-30,0.316,0.93
2020-07-31,0.3,0.881
2020-08-01,0.284,0.836
2020-08-02,0.319,0.936
2020-08-03,0.768,2.257
2020-08-04,2.27,6.673
2020-08-05,1.821,5.354
2020-08-06,1.22,3.586
2020-08-07,0.925,2.72
2020-08-08,0.774,2.277
2020-08-09,0.667,1.961
2020-08-10,0.587,1.725
2020-08-11,0.525,1.542
2020-08-12,0.475,1.396
2020-08-13,0.438,1.289
2020-08-14,0.422,1.24
2020-08-15,0.394,1.159
2020-08-16,0.364,1.07
2020-08-17,0.34,1
2020-08-18,0.336,0.988
2020-08-19,0.384,1.129
2020-08-20,0.371,1.092
2020-08-21,0.332,0.976
2020-08-22,0.323,0.949
2020-08-23,0.372,1.094
2020-08-24,0.361,1.06
2020-08-25,0.322,0.946
2020-08-26,0.299,0.878
2020-08-27,0.284,0.834
2020-08-28,0.291,0.854
2020-08-29,0.429,1.262
2020-08-30,0.846,2.486
2020-08-31,1.543,4.535
2020-09-01,1.654,4.862
2020-09-02,1.568,4.609
2020-09-03,1.199,3.524
2020-09-04,0.926,2.722
2020-09-05,0.767,2.255
2020-09-06,0.664,1.952
2020-09-07,0.587,1.727
2020-09-08,0.528,1.553
2020-09-09,0.481,1.413
2020-09-10,0.442,1.299
2020-09-11,0.41,1.204
2020-09-12,0.382,1.124
2020-09-13,0.359,1.055
2020-09-14,0.339,0.995
2020-09-15,0.321,0.943
2020-09-16,0.305,0.896
2020-09-17,0.291,0.855
2020-09-18,0.278,0.818
2020-09-19,0.267,0.785
2020-09-20,0.257,0.755
2020-09-21,0.247,0.727
2020-09-22,0.245,0.719
2020-09-23,0.265,0.779
2020-09-24,0.337,0.989
2020-09-25,0.698,2.051
2020-09-26,0.797,2.344
2020-09-27,0.71,2.089
2020-09-28,0.597,1.755
2020-09-29,0.519,1.525
2020-09-30,0.468,1.377
2020-10-01,0.431,1.267
2020-10-02,0.4,1.175
2020-10-03,0.385,1.131
2020-10-04,0.411,1.209
2020-10-05,0.396,1.163
2020-10-06,0.397,1.166
2020-10-07,0.563,1.655
2020-10-08,0.632,1.857
2020-10-09,0.559,1.645
2020-10-10,0.563,1.656
2020-10-11,0.661,1.943
2020-10-12,0.612,1.8
2020-10-13,0.54,1.588
2020-10-14,0.486,1.429
2020-10-15,0.476,1.401
2020-10-16,0.614,1.805
2020-10-17,0.71,2.087
2020-10-18,0.627,1.843
2020-10-19,0.534,1.57
2020-10-20,0.481,1.414
2020-10-21,0.445,1.309
2020-10-22,0.415,1.221
2020-10-23,0.432,1.271
2020-10-24,0.61,1.795
2020-10-25,0.591,1.737
2020-10-26,0.589,1.731
2020-10-27,0.997,2.932
2020-10-28,0.95,2.794
2020-10-29,0.895,2.632
2020-10-30,0.991,2.914
2020-10-31,0.864,2.54
2020-11-01,0.762,2.24
2020-11-02,0.873,2.568
2020-11-03,0.798,2.346
2020-11-04,0.707,2.079
2020-11-05,0.643,1.89
2020-11-06,0.58,1.705
2020-11-07,0.528,1.551
2020-11-08,0.489,1.436
2020-11-09,0.457,1.344
2020-11-10,0.431,1.267
2020-11-11,0.409,1.201
2020-11-12,0.39,1.146
2020-11-13,0.373,1.097
2020-11-14,0.359,1.055
2020-11-15,0.35,1.03
2020-11-16,0.358,1.053
2020-11-17,0.349,1.026
2020-11-18,0.333,0.979
2020-11-19,0.333,0.978
2020-11-20,0.374,1.1
2020-11-21,0.369,1.085
2020-11-22,0.343,1.007
2020-11-23,0.328,0.963
2020-11-24,0.318,0.936
2020-11-25,0.31,0.912
2020-11-26,0.303,0.89
2020-11-27,0.296,0.87
2020-11-28,0.29,0.852
2020-11-29,0.284,0.836
2020-11-30,0.289,0.851
2020-12-01,0.353,1.037
2020-12-02,0.463,1.36
2020-12-03,0.446,1.312
2020-12-04,0.393,1.154
2020-12-05,0.384,1.128
2020-12-06,0.473,1.389
2020-12-07,0.583,1.714
2020-12-08,0.546,1.606
2020-12-09,0.534,1.57
2020-12-10,0.701,2.062
2020-12-11,0.666,1.959
2020-12-12,0.585,1.72
2020-12-13,0.597,1.756
2020-12-14,0.564,1.658
2020-12-15,0.51,1.501
2020-12-16,0.473,1.391
2020-12-17,0.447,1.313
2020-12-18,0.424,1.247
2020-12-19,0.405,1.191
2020-12-20,0.39,1.146
2020-12-21,0.395,1.161
2020-12-22,0.451,1.327
2020-12-23,0.536,1.576
2020-12-24,1.087,3.195
2020-12-25,1.32,3.882
2020-12-26,1.088,3.198
2020-12-27,0.867,2.55
2020-12-28,0.752,2.212
2020-12-29,0.705,2.073
2020-12-30,0.644,1.892
2020-12-31,0.586,1.722
